Id,labels
0,new_whale
1,w_0003639
2,w_0003c59
3,w_0027efa
4,w_00289b1
5,w_002c810
6,w_0032a46
7,w_003bae6
8,w_00656c0
9,w_0066399
10,w_007fefa
11,w_00904a7
12,w_009c9c5
13,w_00a41ba
14,w_00b3dc2
15,w_00d50c9
16,w_00d5466
17,w_00d5e98
18,w_00f340d
19,w_010f858
20,w_0115c24
21,w_0118bab
22,w_012678c
23,w_0135f5f
24,w_0140c92
25,w_015a4bf
26,w_016f0ea
27,w_0182687
28,w_0189b6d
29,w_01976db
30,w_01a1d88
31,w_01cb0c4
32,w_01cbbbd
33,w_01d790e
34,w_01e1b97
35,w_01e1fe0
36,w_01ed442
37,w_01f14e1
38,w_01fc429
39,w_02156b0
40,w_022b708
41,w_022d2f5
42,w_02469a1
43,w_02545ea
44,w_025911c
45,w_0277a07
46,w_027f528
47,w_0292e15
48,w_02aa597
49,w_02c7e9d
50,w_02d138d
51,w_02d5c46
52,w_02e8199
53,w_02ff6d6
54,w_0301302
55,w_030ac9b
56,w_030c8b0
57,w_030e2cf
58,w_03193e5
59,w_031e1a3
60,w_0323574
61,w_03270e3
62,w_0350bf4
63,w_03670aa
64,w_0369a5c
65,w_036bc54
66,w_036dbd0
67,w_037b23f
68,w_038dfc0
69,w_038e5c3
70,w_03a82c1
71,w_03ad89c
72,w_03e3e5e
73,w_03ea6f9
74,w_04003e9
75,w_042b547
76,w_0470377
77,w_04713fd
78,w_04738c8
79,w_048bc73
80,w_049ae2e
81,w_04acf95
82,w_04c9b23
83,w_04d1c8c
84,w_04d4568
85,w_04de239
86,w_04ebfe8
87,w_04f5a19
88,w_04f5f55
89,w_05081a8
90,w_0513962
91,w_051764c
92,w_0531ad5
93,w_0532483
94,w_054162a
95,w_05669fe
96,w_056710d
97,w_056913a
98,w_0577ccc
99,w_059d9e0
100,w_05b4b0c
101,w_05bf34e
102,w_05cc23c
103,w_05d52d0
104,w_05d65b9
105,w_05eb863
106,w_05f8c99
107,w_05fbf14
108,w_060ec6d
109,w_06150e1
110,w_06292cd
111,w_0630c3e
112,w_06313c8
113,w_063282e
114,w_0637181
115,w_06376db
116,w_06460d7
117,w_06471d5
118,w_0655608
119,w_0655a0d
120,w_065ee1b
121,w_06619ff
122,w_066ac1a
123,w_066ddc5
124,w_068baa8
125,w_06935ed
126,w_069c25b
127,w_06a10b4
128,w_06d2e72
129,w_06de0a6
130,w_06e4776
131,w_06e6d5f
132,w_06ec6e6
133,w_06f3291
134,w_06fb64a
135,w_06ffb30
136,w_070036a
137,w_07019f4
138,w_07125ed
139,w_0714a46
140,w_0717f05
141,w_0718183
142,w_072179d
143,w_0729126
144,w_072f593
145,w_0741282
146,w_074530d
147,w_0745b0e
148,w_0749e87
149,w_074a5ba
150,w_076bb5a
151,w_07768b0
152,w_0788c36
153,w_07c946d
154,w_07cb113
155,w_07cc9c2
156,w_07d4b0a
157,w_07e0c3c
158,w_08010cc
159,w_0815d2c
160,w_0823d50
161,w_082978e
162,w_082f603
163,w_0833a92
164,w_08630fd
165,w_086f404
166,w_08753b7
167,w_0886321
168,w_0887d9b
169,w_0888e56
170,w_088cda7
171,w_08b0eac
172,w_08c7d09
173,w_08d439c
174,w_08d5864
175,w_08d62ee
176,w_08eadf6
177,w_090c08a
178,w_090c801
179,w_091ec23
180,w_0926777
181,w_092d942
182,w_093d284
183,w_093ea58
184,w_095e3eb
185,w_099bcbc
186,w_09bd7e8
187,w_09c59c2
188,w_09c737d
189,w_09c8a69
190,w_09de1a5
191,w_09e51f8
192,w_0a0b4c6
193,w_0a0c768
194,w_0a155b9
195,w_0a1fcd6
196,w_0a2e1ef
197,w_0a31a3a
198,w_0a3255c
199,w_0a357b7
200,w_0a4f5c9
201,w_0a619af
202,w_0a6c4c7
203,w_0a6e626
204,w_0a7a37c
205,w_0a84ac5
206,w_0a87ea4
207,w_0a8a451
208,w_0a8d318
209,w_0a8e080
210,w_0abdaf4
211,w_0abe9e7
212,w_0ac10f3
213,w_0ac1b5f
214,w_0ad0f5b
215,w_0ad1734
216,w_0adb403
217,w_0aea542
218,w_0aed03f
219,w_0af3867
220,w_0b0168a
221,w_0b10e7c
222,w_0b1e4a6
223,w_0b356c2
224,w_0b398b2
225,w_0b3e0e6
226,w_0b4f7cf
227,w_0b7ce1e
228,w_0b995e5
229,w_0b9cab4
230,w_0baf946
231,w_0bb71d3
232,w_0bb9927
233,w_0bbc3cb
234,w_0bc078c
235,w_0bc1de9
236,w_0bd2e46
237,w_0bd39c1
238,w_0bdb7a5
239,w_0bdc5d5
240,w_0bf90d9
241,w_0bfc890
242,w_0bfdcca
243,w_0c23936
244,w_0c59853
245,w_0c5f019
246,w_0c69117
247,w_0c76541
248,w_0c76e03
249,w_0c7ab0d
250,w_0c80c53
251,w_0ca546b
252,w_0cadbdc
253,w_0cbf1b3
254,w_0cc0430
255,w_0cdca97
256,w_0ce0555
257,w_0ce537a
258,w_0cfae04
259,w_0cfdaa5
260,w_0d052c1
261,w_0d11fa9
262,w_0d145d4
263,w_0d1b964
264,w_0d43823
265,w_0d4a14b
266,w_0d54c55
267,w_0d5a672
268,w_0d5fa2c
269,w_0d61101
270,w_0d77f32
271,w_0d7b050
272,w_0d93517
273,w_0d98e43
274,w_0d9ddce
275,w_0da34d3
276,w_0da9a8f
277,w_0db234e
278,w_0db2e26
279,w_0dc84fd
280,w_0dd4a5d
281,w_0df7caf
282,w_0dfb4f6
283,w_0dfc1eb
284,w_0e0b65c
285,w_0e0f074
286,w_0e1eccb
287,w_0e26d1a
288,w_0e2a5bd
289,w_0e2b483
290,w_0e325b0
291,w_0e34e76
292,w_0e35358
293,w_0e4b65e
294,w_0e7aae1
295,w_0e7ec27
296,w_0e8341d
297,w_0e93f25
298,w_0e9f07a
299,w_0ea7436
300,w_0eab54f
301,w_0ecda0a
302,w_0ee1b0f
303,w_0ee7878
304,w_0ee9ae5
305,w_0ef790d
306,w_0f00df0
307,w_0f031ca
308,w_0f03c44
309,w_0f0f15c
310,w_0f1cf57
311,w_0f25e3c
312,w_0f25e6b
313,w_0f466a5
314,w_0f4d4ac
315,w_0f5666b
316,w_0f56fb2
317,w_0f5d895
318,w_0f73f48
319,w_0f84e7c
320,w_0f86e70
321,w_0f8ab07
322,w_0f8b8e2
323,w_0fb38fe
324,w_0fc3e41
325,w_0fdde23
326,w_0fdf741
327,w_0fe07b7
328,w_0fe6fbb
329,w_0fedd59
330,w_0fefc62
331,w_0ffa15f
332,w_1006b9c
333,w_101990d
334,w_102821e
335,w_1029215
336,w_102e715
337,w_1032bb6
338,w_1032fa3
339,w_103aca2
340,w_104d305
341,w_105b860
342,w_107b98e
343,w_1082fdc
344,w_1083a05
345,w_108b2ed
346,w_10a4e10
347,w_10b4603
348,w_10bb1ba
349,w_10d9667
350,w_10eece8
351,w_10f3b75
352,w_10f4afc
353,w_10f67bb
354,w_1104cca
355,w_1106cbb
356,w_112d2f8
357,w_1133530
358,w_114a297
359,w_115e880
360,w_1167daf
361,w_118a4a4
362,w_118fad5
363,w_119f570
364,w_11ac036
365,w_11bd416
366,w_11ce746
367,w_11d8c70
368,w_11e75bf
369,w_11e90bc
370,w_11ec829
371,w_11ff425
372,w_1217536
373,w_1220336
374,w_122e247
375,w_122eec1
376,w_1247b8c
377,w_124a3cb
378,w_1257748
379,w_1260eb5
380,w_1275240
381,w_1286f9e
382,w_1289b63
383,w_12aae3e
384,w_12b56df
385,w_12cc52d
386,w_12ce4f8
387,w_12e7c23
388,w_12e8dc7
389,w_12fdac7
390,w_12fe3a8
391,w_13250ab
392,w_1344da3
393,w_13937e4
394,w_139d19a
395,w_13a7d9a
396,w_13aa123
397,w_13ae3d4
398,w_13b343c
399,w_13c1b55
400,w_13c715a
401,w_13c8177
402,w_13c9277
403,w_13c9a17
404,w_13ca7e8
405,w_13d4fd0
406,w_13e8097
407,w_13edc47
408,w_13ffdcf
409,w_1403973
410,w_140a9ac
411,w_1417bc8
412,w_1419d90
413,w_141a880
414,w_1423c1f
415,w_14330a0
416,w_143ea92
417,w_14461a7
418,w_144ecb6
419,w_1457f13
420,w_146208a
421,w_1472271
422,w_1483be2
423,w_148921b
424,w_14a74dd
425,w_14b1427
426,w_14bfbe2
427,w_14e1334
428,w_14e5fe2
429,w_14ece76
430,w_14f15a0
431,w_150a6f5
432,w_1531bf5
433,w_1554173
434,w_1574bd1
435,w_1579152
436,w_15805cd
437,w_15951db
438,w_15a9ec1
439,w_15b3f09
440,w_15b5df2
441,w_15b5eb1
442,w_15bf3e3
443,w_15bf4be
444,w_15d12c7
445,w_15e3099
446,w_15e7de5
447,w_15f43ea
448,w_15fb899
449,w_1632c45
450,w_16362a6
451,w_163b2b8
452,w_1647882
453,w_1650208
454,w_1666216
455,w_167a348
456,w_1684cac
457,w_169253a
458,w_1693b27
459,w_169a302
460,w_16a13bb
461,w_16b5050
462,w_16b7fec
463,w_16c264e
464,w_16dba74
465,w_16def42
466,w_16df050
467,w_16dfac7
468,w_16f4e1e
469,w_16fa149
470,w_171794e
471,w_1719d81
472,w_171ca39
473,w_171dc55
474,w_1728040
475,w_17338da
476,w_1759e4e
477,w_175d6fa
478,w_177d88e
479,w_178144f
480,w_1788910
481,w_179c9f0
482,w_17a108a
483,w_17a3a21
484,w_17a4a41
485,w_17b0d3a
486,w_17ba5e4
487,w_17be6f2
488,w_17c9df5
489,w_17d6235
490,w_17dd986
491,w_17e8846
492,w_17f5d1d
493,w_17fef9b
494,w_180e241
495,w_181ab06
496,w_1834b49
497,w_185044d
498,w_185bc11
499,w_18645ff
500,w_18666da
501,w_186d294
502,w_1870783
503,w_187de67
504,w_1887b5a
505,w_18934ab
506,w_18a06fd
507,w_18aafe8
508,w_18c481a
509,w_18ca0f1
510,w_18f9d19
511,w_190375b
512,w_190b9bb
513,w_191bce3
514,w_1920193
515,w_1930599
516,w_1932830
517,w_193bf22
518,w_193f83c
519,w_19410fe
520,w_194bea2
521,w_19671ad
522,w_197979e
523,w_1995d15
524,w_19a0b30
525,w_19bd11d
526,w_19c50fa
527,w_19dfa67
528,w_19f365e
529,w_19f507e
530,w_19fb122
531,w_1a071a3
532,w_1a151e5
533,w_1a20162
534,w_1a31542
535,w_1a619db
536,w_1a657fc
537,w_1a70f3a
538,w_1a7ccaf
539,w_1a874a6
540,w_1a96d7b
541,w_1a9e018
542,w_1ab568f
543,w_1af6b9a
544,w_1afed1e
545,w_1afff3f
546,w_1b00c27
547,w_1b04c3c
548,w_1b0c4b7
549,w_1b0db58
550,w_1b1dd05
551,w_1b2bf0f
552,w_1b3baf7
553,w_1b3c3a4
554,w_1b4b202
555,w_1b4bb29
556,w_1b50676
557,w_1b51678
558,w_1b5b199
559,w_1b5fd1b
560,w_1b6f30f
561,w_1b6f6dc
562,w_1b70bda
563,w_1b70f3f
564,w_1b77e4f
565,w_1b7eaad
566,w_1b8f126
567,w_1baf8df
568,w_1bbc982
569,w_1bd2d91
570,w_1be76f5
571,w_1c2e409
572,w_1c39fb1
573,w_1c47899
574,w_1c55cc3
575,w_1c63738
576,w_1c6465a
577,w_1ca7433
578,w_1ca9ab1
579,w_1cb0ffc
580,w_1ccd2a1
581,w_1ccea93
582,w_1cfebce
583,w_1d0830e
584,w_1d1fffe
585,w_1d2d323
586,w_1d2ed91
587,w_1d35a02
588,w_1d4e949
589,w_1d532b4
590,w_1d55e83
591,w_1d6a51b
592,w_1d6a9f7
593,w_1d7fd7d
594,w_1d830c2
595,w_1d8d7c3
596,w_1d9592f
597,w_1da3327
598,w_1da93f8
599,w_1daae48
600,w_1dc7d3a
601,w_1dd336a
602,w_1de6148
603,w_1df2383
604,w_1dff836
605,w_1e1e5d9
606,w_1e283bb
607,w_1e286e0
608,w_1e3b8e8
609,w_1e3caae
610,w_1e3e9a7
611,w_1e81b43
612,w_1e85eea
613,w_1e99233
614,w_1e9caad
615,w_1ea5d96
616,w_1ea8997
617,w_1eb67e3
618,w_1ebcda9
619,w_1ecca2d
620,w_1ee38d5
621,w_1ef6c12
622,w_1efb6fa
623,w_1efbb8e
624,w_1f0cf0a
625,w_1f1774e
626,w_1f1cee1
627,w_1f41b98
628,w_1f429ff
629,w_1f62b56
630,w_1f6de0b
631,w_1f78a1e
632,w_1f7c696
633,w_1f7e291
634,w_1f85037
635,w_1f8621d
636,w_1f8c439
637,w_1faaf06
638,w_1faf1e4
639,w_1fb652d
640,w_1fc42e2
641,w_1fc4625
642,w_1fe6c6e
643,w_1fecb34
644,w_1ff111d
645,w_1ff1582
646,w_1ff168e
647,w_1ff410a
648,w_1ffc4ab
649,w_2009f8b
650,w_203042e
651,w_2034344
652,w_2036a57
653,w_205708f
654,w_2059146
655,w_207f153
656,w_208db25
657,w_20930e7
658,w_20950a9
659,w_20ad973
660,w_20baeef
661,w_20c0bc0
662,w_20df2c5
663,w_20dfb69
664,w_20edfc3
665,w_20eeb29
666,w_2103ca8
667,w_210b625
668,w_210caac
669,w_2112103
670,w_2117e10
671,w_2136d08
672,w_2137c6f
673,w_213fb07
674,w_2148753
675,w_214e081
676,w_21591ba
677,w_21666ad
678,w_217fc01
679,w_218fe4a
680,w_21a7dac
681,w_21ae2d7
682,w_21b2790
683,w_21b3c7e
684,w_21b94e3
685,w_21bb5bd
686,w_21d5943
687,w_21ecbf3
688,w_21f1129
689,w_21fd105
690,w_2211e6d
691,w_222ba28
692,w_224bfc5
693,w_227e394
694,w_2284d86
695,w_228c7ee
696,w_2296421
697,w_22a168a
698,w_22b8752
699,w_22cdc5f
700,w_22d96e7
701,w_22e82fa
702,w_22f2567
703,w_22f46ab
704,w_232f528
705,w_2330989
706,w_234713b
707,w_2349681
708,w_234d686
709,w_2362d7f
710,w_2365d55
711,w_23852a0
712,w_23a388d
713,w_23bfd0a
714,w_23ce00e
715,w_23d4815
716,w_23e1d57
717,w_24076b5
718,w_2409871
719,w_240cbf9
720,w_2424e82
721,w_242fb46
722,w_243b654
723,w_244ab03
724,w_244e953
725,w_245ac74
726,w_248381e
727,w_249346b
728,w_2495755
729,w_2497490
730,w_24b2561
731,w_24b5070
732,w_24c6ff8
733,w_24c76d8
734,w_24ca106
735,w_24d3109
736,w_24e9b5d
737,w_2500327
738,w_25085e0
739,w_25183b8
740,w_252d315
741,w_2548d54
742,w_2570b49
743,w_257e223
744,w_2592960
745,w_2597710
746,w_25b2b3d
747,w_25d662d
748,w_25d7e08
749,w_25e04d9
750,w_25f1a4e
751,w_260a2e7
752,w_260b2ac
753,w_260e1d7
754,w_260ff2c
755,w_261878d
756,w_2623921
757,w_2623b69
758,w_262c32f
759,w_262ec5b
760,w_26301f8
761,w_263bd97
762,w_263fcb0
763,w_2644b11
764,w_2645f4d
765,w_264c2e1
766,w_2652d72
767,w_265ac62
768,w_267c7e3
769,w_268addf
770,w_26923f7
771,w_2694603
772,w_26a55ed
773,w_26aeb61
774,w_26b24d4
775,w_26ba5fd
776,w_26c0ffd
777,w_26db444
778,w_26e4f44
779,w_26f7c39
780,w_270f505
781,w_2719f85
782,w_27272a5
783,w_274397d
784,w_2745292
785,w_274d994
786,w_274f6db
787,w_2757c07
788,w_27597ff
789,w_2759bb6
790,w_276390d
791,w_276d61d
792,w_277d911
793,w_27a6304
794,w_27aa28c
795,w_27b7295
796,w_27be996
797,w_27d6aac
798,w_27fa393
799,w_27fd7e3
800,w_2807565
801,w_2812e0d
802,w_281a8cd
803,w_28218e1
804,w_283ceeb
805,w_2843a30
806,w_2852461
807,w_2856c57
808,w_28589bc
809,w_2858e46
810,w_286d2cc
811,w_289778b
812,w_28a16b0
813,w_28c1ced
814,w_28c330c
815,w_28cb717
816,w_28d57ec
817,w_28df1bb
818,w_28f572d
819,w_2902e69
820,w_290399a
821,w_291b418
822,w_291cba5
823,w_2926c77
824,w_292956e
825,w_293431f
826,w_2964e0b
827,w_2972f31
828,w_297503e
829,w_297e53a
830,w_2980f85
831,w_298a035
832,w_298f605
833,w_29a8580
834,w_29af733
835,w_29c0caf
836,w_29c88c2
837,w_29cde7c
838,w_29d806a
839,w_29e5e8e
840,w_29e8496
841,w_29e87c9
842,w_2a0e817
843,w_2a1a012
844,w_2a1a125
845,w_2a2bcf1
846,w_2a6d5ee
847,w_2a7603f
848,w_2a7c1af
849,w_2a7f00f
850,w_2a946f2
851,w_2a98962
852,w_2aaa3b5
853,w_2ab34d0
854,w_2ac2bac
855,w_2ac6611
856,w_2ad05e9
857,w_2ae40f9
858,w_2af46a8
859,w_2b069ba
860,w_2b17316
861,w_2b1b04e
862,w_2b388fe
863,w_2b39f31
864,w_2b47174
865,w_2b49489
866,w_2b4b82e
867,w_2b50adf
868,w_2b65b34
869,w_2b7f65a
870,w_2b979e6
871,w_2ba6978
872,w_2c0cfe8
873,w_2c0f96c
874,w_2c1a562
875,w_2c29146
876,w_2c2e6b9
877,w_2c3768d
878,w_2c3c217
879,w_2c3f556
880,w_2c5fe7e
881,w_2c7deff
882,w_2c94198
883,w_2ca9282
884,w_2cabd62
885,w_2cd7341
886,w_2cdde18
887,w_2d0cfc1
888,w_2d1592c
889,w_2d1d67a
890,w_2d3ef19
891,w_2d5492b
892,w_2d5b0e1
893,w_2d5dc31
894,w_2d6596f
895,w_2d6bb89
896,w_2d7c2dd
897,w_2d99567
898,w_2db0644
899,w_2dd6b62
900,w_2ddcce9
901,w_2de1c5c
902,w_2df1d85
903,w_2df37cc
904,w_2df85e7
905,w_2e075b2
906,w_2e1416e
907,w_2e18226
908,w_2e21094
909,w_2e231f4
910,w_2e29743
911,w_2e35d7c
912,w_2e374c0
913,w_2e3e30d
914,w_2e45865
915,w_2e4af64
916,w_2e4b740
917,w_2e4cb98
918,w_2e54183
919,w_2e5ad54
920,w_2e5d992
921,w_2e69752
922,w_2e706fc
923,w_2e9d1b5
924,w_2e9ed59
925,w_2ec0a71
926,w_2ed0acc
927,w_2ed0d2f
928,w_2ed1e39
929,w_2eec458
930,w_2ef6741
931,w_2ef9c36
932,w_2efa6ab
933,w_2f0416b
934,w_2f0f74c
935,w_2f1488c
936,w_2f2c0d6
937,w_2f350be
938,w_2f3badb
939,w_2f4be30
940,w_2f5652a
941,w_2f5caa9
942,w_2f67f0a
943,w_2f6d4a8
944,w_2f702db
945,w_2f74ff3
946,w_2f79ae3
947,w_2f841ea
948,w_2f87cc7
949,w_2f8895a
950,w_2f8de4f
951,w_2f8eda5
952,w_2f94559
953,w_2f9b02c
954,w_2fc317c
955,w_2fc775e
956,w_2fcfc71
957,w_2fdb049
958,w_2fdf4cb
959,w_2fe1c3f
960,w_2fec5ea
961,w_2ff0834
962,w_3002b59
963,w_301f728
964,w_302799d
965,w_303a3c4
966,w_3040ecd
967,w_305456a
968,w_3057209
969,w_3067220
970,w_30719c8
971,w_3079e26
972,w_307e5e9
973,w_308c7b6
974,w_30a7b3f
975,w_30b577d
976,w_30f2f0f
977,w_310226c
978,w_3108dce
979,w_310a26b
980,w_310a94d
981,w_31154fa
982,w_31233f8
983,w_3128adb
984,w_3132fce
985,w_3137898
986,w_3137deb
987,w_31438a5
988,w_314bc30
989,w_3154c82
990,w_3155d04
991,w_315c854
992,w_317ae6c
993,w_317c071
994,w_3180b48
995,w_31b5dd8
996,w_31d1d50
997,w_31e1bc1
998,w_32015c2
999,w_32043b0
1000,w_3207433
1001,w_3209f9e
1002,w_3214120
1003,w_3216236
1004,w_3217fd7
1005,w_3224f68
1006,w_3250a08
1007,w_325f8d2
1008,w_3263e72
1009,w_327175f
1010,w_3278209
1011,w_32838db
1012,w_3283995
1013,w_328e490
1014,w_329c19c
1015,w_329ec8b
1016,w_32b01d7
1017,w_32da935
1018,w_32de0c5
1019,w_32e705d
1020,w_32eac70
1021,w_32eaf54
1022,w_3309cbd
1023,w_3334d3f
1024,w_3346f4e
1025,w_334c489
1026,w_334d7eb
1027,w_335a58c
1028,w_335bdd1
1029,w_33696ac
1030,w_336e046
1031,w_3378e77
1032,w_3384715
1033,w_33979b1
1034,w_33aaa44
1035,w_33eb301
1036,w_33fccbe
1037,w_3404de1
1038,w_34053b9
1039,w_34120de
1040,w_343f088
1041,w_34434d1
1042,w_344f319
1043,w_3476b19
1044,w_347e43b
1045,w_34941d8
1046,w_3499014
1047,w_349c277
1048,w_34afc43
1049,w_34bd6f2
1050,w_34d7623
1051,w_34ecf36
1052,w_34f5f2d
1053,w_350a5ba
1054,w_350bfd5
1055,w_3511bc7
1056,w_3514a84
1057,w_3518604
1058,w_351a377
1059,w_352445a
1060,w_353d249
1061,w_35614d4
1062,w_356b5b7
1063,w_35756a2
1064,w_357617e
1065,w_3584852
1066,w_35863c5
1067,w_358c519
1068,w_358cda3
1069,w_35b5c5d
1070,w_35e991b
1071,w_35f2f8d
1072,w_361a865
1073,w_362ebae
1074,w_3635d34
1075,w_363a5aa
1076,w_3643be7
1077,w_365b7ad
1078,w_365e82b
1079,w_367832c
1080,w_367fb60
1081,w_36828b8
1082,w_368f8bc
1083,w_36b59be
1084,w_36b8101
1085,w_36bbd71
1086,w_36c8c0d
1087,w_36ceee6
1088,w_36e5992
1089,w_36f154c
1090,w_36f2ebb
1091,w_36f91ad
1092,w_36fdacd
1093,w_3716cec
1094,w_371d32d
1095,w_3729146
1096,w_3756834
1097,w_377ef2c
1098,w_3789389
1099,w_378bf61
1100,w_3791ec3
1101,w_37bc202
1102,w_37bdff9
1103,w_37d2f3a
1104,w_37d7c02
1105,w_37e08ff
1106,w_37e61c2
1107,w_37f260a
1108,w_3815890
1109,w_382262b
1110,w_3823d66
1111,w_384e3b2
1112,w_385330e
1113,w_3853f4b
1114,w_3879fa0
1115,w_3881f28
1116,w_38b8bda
1117,w_38c0639
1118,w_38c5952
1119,w_38c6a8d
1120,w_38c8a8d
1121,w_38de45d
1122,w_38e4345
1123,w_38e9cf5
1124,w_38fc953
1125,w_3904956
1126,w_3904b99
1127,w_39141fc
1128,w_391ef09
1129,w_394165d
1130,w_3949bd6
1131,w_394f053
1132,w_3962169
1133,w_396c07d
1134,w_396c12b
1135,w_3976c05
1136,w_397d143
1137,w_3982e1e
1138,w_398323d
1139,w_39b9efe
1140,w_39c246e
1141,w_39cd182
1142,w_39ea8fa
1143,w_39efa30
1144,w_39f3e3a
1145,w_3a192ed
1146,w_3a1969c
1147,w_3a1e62f
1148,w_3a241cf
1149,w_3a2686e
1150,w_3a333ae
1151,w_3a34d6f
1152,w_3a4789b
1153,w_3a63e33
1154,w_3a91b10
1155,w_3aa8e97
1156,w_3ac9d34
1157,w_3ad0f37
1158,w_3ae4d85
1159,w_3aecb5c
1160,w_3af5f93
1161,w_3b03149
1162,w_3b03245
1163,w_3b15259
1164,w_3b32955
1165,w_3b3f3ce
1166,w_3b50da5
1167,w_3b5aee2
1168,w_3b71107
1169,w_3b90ba7
1170,w_3b955d1
1171,w_3b970db
1172,w_3bb142c
1173,w_3bc2641
1174,w_3bc4a4f
1175,w_3bd976e
1176,w_3bdf2c6
1177,w_3bf2653
1178,w_3bf887a
1179,w_3bfa4f8
1180,w_3c254c1
1181,w_3c33b23
1182,w_3c4b1d0
1183,w_3c4f583
1184,w_3c58b68
1185,w_3c629a2
1186,w_3c64b50
1187,w_3c80f07
1188,w_3c880c2
1189,w_3c8b9ea
1190,w_3c8f7da
1191,w_3c966be
1192,w_3c972b3
1193,w_3cb4838
1194,w_3cc4623
1195,w_3cc7dc4
1196,w_3cd4d35
1197,w_3cde3ea
1198,w_3ce8ffa
1199,w_3d1f606
1200,w_3d56b7c
1201,w_3d67c3b
1202,w_3d72a96
1203,w_3d7bc85
1204,w_3d7dbf1
1205,w_3d834ed
1206,w_3d88ad4
1207,w_3d972c9
1208,w_3da0eae
1209,w_3dc1e42
1210,w_3dd4346
1211,w_3de579a
1212,w_3de9056
1213,w_3e18700
1214,w_3e34a5f
1215,w_3e34e14
1216,w_3e39c9c
1217,w_3e4a1a5
1218,w_3e4b155
1219,w_3e59d84
1220,w_3e5a926
1221,w_3e6cee1
1222,w_3e88a50
1223,w_3e89f09
1224,w_3e979c0
1225,w_3e9dc66
1226,w_3ea05d5
1227,w_3eabdac
1228,w_3eae264
1229,w_3ebfe7a
1230,w_3ec7fa2
1231,w_3ef0017
1232,w_3f0fd95
1233,w_3f213d5
1234,w_3f21fed
1235,w_3f22dc6
1236,w_3f44881
1237,w_3f567ce
1238,w_3f5c708
1239,w_3f5e8d7
1240,w_3f5eda7
1241,w_3f6f934
1242,w_3f78360
1243,w_3f7d5f5
1244,w_3f8ff7c
1245,w_3f915dc
1246,w_3f93ee8
1247,w_3fadd3e
1248,w_3fb99a3
1249,w_3fc3c61
1250,w_3fe2251
1251,w_3fe5d56
1252,w_3feca90
1253,w_3ff114c
1254,w_3ff6d0e
1255,w_3ffae11
1256,w_400791e
1257,w_401f5a1
1258,w_4024b54
1259,w_408835c
1260,w_408f9ea
1261,w_4096187
1262,w_409747f
1263,w_409c63d
1264,w_40a1403
1265,w_40a6c9c
1266,w_40a8585
1267,w_40acf40
1268,w_40be8d6
1269,w_40dc8f2
1270,w_40efb29
1271,w_4112f9a
1272,w_411325a
1273,w_4126cb1
1274,w_412b5ad
1275,w_41301dd
1276,w_4130233
1277,w_4132bb8
1278,w_4135cb8
1279,w_413933b
1280,w_41429ea
1281,w_414d441
1282,w_415dea0
1283,w_415f090
1284,w_416168a
1285,w_4167fbb
1286,w_4175cb7
1287,w_4182dba
1288,w_41a2f20
1289,w_41d24c6
1290,w_41d5251
1291,w_41dd026
1292,w_41eb3b2
1293,w_420254e
1294,w_420dafb
1295,w_4214909
1296,w_421b9de
1297,w_42388df
1298,w_4249f01
1299,w_424b5fd
1300,w_4274db3
1301,w_428ca58
1302,w_428f3c0
1303,w_42b0064
1304,w_42c1a3c
1305,w_42d6484
1306,w_42e0e40
1307,w_4312b77
1308,w_43312c4
1309,w_4344f5e
1310,w_43614bc
1311,w_4362671
1312,w_4369be0
1313,w_4370f94
1314,w_438dd0b
1315,w_439b6cf
1316,w_43d4a64
1317,w_43d8db4
1318,w_43f0465
1319,w_43f3361
1320,w_43fa7fc
1321,w_43fc74c
1322,w_443afc0
1323,w_4441671
1324,w_44479bb
1325,w_444b771
1326,w_445a265
1327,w_445cc76
1328,w_4460861
1329,w_446a02d
1330,w_44803e4
1331,w_4488584
1332,w_448e190
1333,w_44a3ca5
1334,w_44a6509
1335,w_44c1eef
1336,w_44e59c7
1337,w_44fc980
1338,w_44fe688
1339,w_450878a
1340,w_450fccf
1341,w_4516d31
1342,w_4516ff1
1343,w_4523384
1344,w_4524517
1345,w_45246db
1346,w_452d137
1347,w_45473b9
1348,w_454df60
1349,w_454f511
1350,w_4554dcd
1351,w_455bc02
1352,w_4562f42
1353,w_456646a
1354,w_45867cd
1355,w_45a0a22
1356,w_45a6d4e
1357,w_45a768c
1358,w_45b1b01
1359,w_45c3ea2
1360,w_45c5396
1361,w_45d33bf
1362,w_45df6b0
1363,w_45e0e10
1364,w_45e277d
1365,w_45e2fc0
1366,w_45e98c0
1367,w_463295b
1368,w_463f219
1369,w_4640cdc
1370,w_465d9c7
1371,w_465e27a
1372,w_4661aac
1373,w_4669e6a
1374,w_4678fbb
1375,w_46796cc
1376,w_4689352
1377,w_4690940
1378,w_46a38a6
1379,w_46ba1ce
1380,w_46c49e8
1381,w_46c4c49
1382,w_46ccc6f
1383,w_46e198f
1384,w_46e59f5
1385,w_46ea040
1386,w_46f4824
1387,w_47098f8
1388,w_470be90
1389,w_472b51c
1390,w_4735be5
1391,w_4776fc5
1392,w_477f7b1
1393,w_478d73b
1394,w_4797776
1395,w_47996c6
1396,w_47aa042
1397,w_47d86e8
1398,w_47daed4
1399,w_47e88ee
1400,w_4801beb
1401,w_480d478
1402,w_483947b
1403,w_4846b27
1404,w_4857351
1405,w_48619b3
1406,w_48872ad
1407,w_4888003
1408,w_488865e
1409,w_48a6027
1410,w_48aa237
1411,w_48b1730
1412,w_48b6083
1413,w_48cc590
1414,w_48d22a3
1415,w_48fa708
1416,w_490d198
1417,w_491b2e5
1418,w_491bdcb
1419,w_491e1d4
1420,w_492d9c5
1421,w_494c72d
1422,w_4951cb9
1423,w_4953900
1424,w_497efb9
1425,w_4982a49
1426,w_49ae16f
1427,w_49afbc9
1428,w_49cd60d
1429,w_49ce813
1430,w_49d1bcd
1431,w_49e0d44
1432,w_49ee8e0
1433,w_4a01f24
1434,w_4a0c2a7
1435,w_4a12050
1436,w_4a1b689
1437,w_4a1b777
1438,w_4a28f21
1439,w_4a61e0a
1440,w_4a8467f
1441,w_4a8a4c9
1442,w_4a9436a
1443,w_4ab3420
1444,w_4ab6b16
1445,w_4ac340b
1446,w_4ac8e76
1447,w_4ad3d24
1448,w_4adb4e9
1449,w_4adc1c0
1450,w_4af7c01
1451,w_4b04d0f
1452,w_4b143db
1453,w_4b1a9b1
1454,w_4b2e47b
1455,w_4b4f9b7
1456,w_4b5ade3
1457,w_4b609e1
1458,w_4b66b5f
1459,w_4b815d3
1460,w_4b8638b
1461,w_4ba728f
1462,w_4bbd0fd
1463,w_4bc3d74
1464,w_4bd850b
1465,w_4bdd289
1466,w_4be6d99
1467,w_4bf625b
1468,w_4c01b28
1469,w_4c07458
1470,w_4c0a2c9
1471,w_4c18cce
1472,w_4c206e7
1473,w_4c218b5
1474,w_4c2af2c
1475,w_4c47a31
1476,w_4c614f3
1477,w_4c62681
1478,w_4c7a435
1479,w_4cb61b2
1480,w_4cbf396
1481,w_4cc050e
1482,w_4cc62b9
1483,w_4cf5e29
1484,w_4d06559
1485,w_4d61be5
1486,w_4d62749
1487,w_4d7df64
1488,w_4d96d06
1489,w_4dabdd3
1490,w_4dac709
1491,w_4dbf0ad
1492,w_4dcc907
1493,w_4dcdda3
1494,w_4df0da7
1495,w_4df6c4b
1496,w_4dfeafc
1497,w_4e00a18
1498,w_4e01dd9
1499,w_4e13e82
1500,w_4e1e04d
1501,w_4e275ed
1502,w_4e33dc8
1503,w_4e40657
1504,w_4e626be
1505,w_4e63f7a
1506,w_4e73055
1507,w_4e864fd
1508,w_4e87672
1509,w_4e88955
1510,w_4e8ae1d
1511,w_4e902c2
1512,w_4e9b3a3
1513,w_4ea4f59
1514,w_4eb128b
1515,w_4eb6bcc
1516,w_4ede58b
1517,w_4f14413
1518,w_4f3cebf
1519,w_4f3dc75
1520,w_4f44a61
1521,w_4f62735
1522,w_4f6b509
1523,w_4f6e5a9
1524,w_4f717ba
1525,w_4f7eac5
1526,w_4f8332a
1527,w_4f9c015
1528,w_4fa0ba1
1529,w_4fa2f05
1530,w_4fadedd
1531,w_4fd7b80
1532,w_4fdb4c1
1533,w_4fdff73
1534,w_4ff2f4a
1535,w_5010896
1536,w_50155e6
1537,w_50193ae
1538,w_50260e7
1539,w_502e72f
1540,w_5031cac
1541,w_5037cfd
1542,w_5045d2c
1543,w_5065c2b
1544,w_506f894
1545,w_506ff2f
1546,w_50707c4
1547,w_5072c08
1548,w_5077be0
1549,w_5083a58
1550,w_5089763
1551,w_50b08a9
1552,w_50c4067
1553,w_50e2184
1554,w_50e8d58
1555,w_50f8a28
1556,w_50f9d24
1557,w_50fd107
1558,w_5101888
1559,w_51052c2
1560,w_510f3ee
1561,w_5116e7e
1562,w_511b9b5
1563,w_513f024
1564,w_5157259
1565,w_515bd01
1566,w_518a722
1567,w_519416c
1568,w_519a081
1569,w_51a0ec9
1570,w_51a60f0
1571,w_51b4749
1572,w_51c003e
1573,w_51e0e04
1574,w_51e7506
1575,w_51e91cb
1576,w_51f03a3
1577,w_51fc1fc
1578,w_51fe22f
1579,w_520731e
1580,w_52093cb
1581,w_52162eb
1582,w_52182de
1583,w_52196e1
1584,w_522e959
1585,w_5234c83
1586,w_523fb3a
1587,w_52464e6
1588,w_5252dc7
1589,w_5258623
1590,w_527a019
1591,w_527aa02
1592,w_529b41b
1593,w_529fa56
1594,w_52a5d92
1595,w_52adbfa
1596,w_52b60a6
1597,w_52cd115
1598,w_52db74a
1599,w_5303b20
1600,w_5313587
1601,w_53215c6
1602,w_5325f8a
1603,w_53276a1
1604,w_533f9ea
1605,w_533fe25
1606,w_535448f
1607,w_5360e39
1608,w_5365497
1609,w_536beda
1610,w_538259a
1611,w_538cdf2
1612,w_5390260
1613,w_53aa231
1614,w_53b6917
1615,w_53ce2e1
1616,w_53d3f73
1617,w_53d6a5e
1618,w_53fb1b2
1619,w_53feb91
1620,w_540ac0a
1621,w_540d5db
1622,w_544128b
1623,w_5482351
1624,w_5485228
1625,w_548a268
1626,w_54abcc3
1627,w_54ae8bf
1628,w_54b631b
1629,w_54c535e
1630,w_54e7b40
1631,w_54ea24d
1632,w_54fd73d
1633,w_550ca18
1634,w_550dd10
1635,w_5510cf3
1636,w_551165a
1637,w_5515886
1638,w_551f361
1639,w_5520ce2
1640,w_5529f3b
1641,w_5530579
1642,w_5535fd3
1643,w_553d1ef
1644,w_553d3d0
1645,w_5557f1e
1646,w_555dcb4
1647,w_555e037
1648,w_55782b0
1649,w_5585ecf
1650,w_5591cd8
1651,w_5597026
1652,w_55a34c7
1653,w_55b77ce
1654,w_55e0064
1655,w_55ed30b
1656,w_55ef07b
1657,w_55fffeb
1658,w_560305a
1659,w_5612025
1660,w_5616581
1661,w_56276b3
1662,w_562b227
1663,w_563d4b1
1664,w_5645ed1
1665,w_564a34b
1666,w_5650932
1667,w_5652083
1668,w_565d73a
1669,w_5665c80
1670,w_567502c
1671,w_567d88c
1672,w_5688262
1673,w_568e9fd
1674,w_569ed76
1675,w_56a96ed
1676,w_56af0a9
1677,w_56c9d4e
1678,w_56cb095
1679,w_56d38d8
1680,w_56d8530
1681,w_56e52fb
1682,w_56ed74d
1683,w_56fcc39
1684,w_56fe328
1685,w_571cf6d
1686,w_573d141
1687,w_57437ee
1688,w_57546d7
1689,w_576026e
1690,w_57733e3
1691,w_5773c71
1692,w_5778858
1693,w_5781883
1694,w_5793f1c
1695,w_5796069
1696,w_579e5f0
1697,w_57a546c
1698,w_57abc0f
1699,w_57acd97
1700,w_57aeea3
1701,w_57bc12e
1702,w_57bf435
1703,w_57db059
1704,w_57e4b21
1705,w_5801869
1706,w_5802b33
1707,w_5808373
1708,w_580ba51
1709,w_580bfc3
1710,w_5816f86
1711,w_581ba42
1712,w_5821157
1713,w_5823d7b
1714,w_5831e13
1715,w_5833b3d
1716,w_583aba1
1717,w_5841fb9
1718,w_584e1dc
1719,w_585fe5b
1720,w_586abcf
1721,w_5871dfd
1722,w_587753f
1723,w_5877e51
1724,w_588f349
1725,w_58afeb2
1726,w_58bae95
1727,w_58bc953
1728,w_58be2b5
1729,w_58d3dd3
1730,w_58d8bbd
1731,w_58ddf90
1732,w_58f3fd4
1733,w_59052ad
1734,w_59088ff
1735,w_59109e5
1736,w_5910d78
1737,w_591a2c5
1738,w_593949b
1739,w_5946cd1
1740,w_595dbd3
1741,w_5966e55
1742,w_596c806
1743,w_596f6bc
1744,w_597758e
1745,w_59915b1
1746,w_5999d7a
1747,w_59d1835
1748,w_59f2171
1749,w_59f4653
1750,w_59fb9d2
1751,w_5a0ef9f
1752,w_5a2634c
1753,w_5a3cd6d
1754,w_5a3dbb9
1755,w_5a3e0de
1756,w_5a49beb
1757,w_5a63294
1758,w_5a696c2
1759,w_5a7e338
1760,w_5a8902d
1761,w_5a90eff
1762,w_5a9abcf
1763,w_5ac8fc1
1764,w_5ad1ac9
1765,w_5ad70f3
1766,w_5ae026a
1767,w_5ae831c
1768,w_5af08bc
1769,w_5af3b0a
1770,w_5b16177
1771,w_5b227ec
1772,w_5b262f1
1773,w_5b3289c
1774,w_5b40032
1775,w_5b463cf
1776,w_5b5b849
1777,w_5b870e8
1778,w_5b8805a
1779,w_5b8b487
1780,w_5b8f665
1781,w_5b94456
1782,w_5babd8c
1783,w_5bac7bb
1784,w_5bd26de
1785,w_5be4e45
1786,w_5bef7cb
1787,w_5bf792a
1788,w_5c028f2
1789,w_5c083e6
1790,w_5c2bc89
1791,w_5c2c1a1
1792,w_5c2dc82
1793,w_5c3f03f
1794,w_5c4c166
1795,w_5c4f274
1796,w_5c51475
1797,w_5c57f77
1798,w_5c6bd71
1799,w_5c742ec
1800,w_5c85850
1801,w_5cc76f8
1802,w_5cc8711
1803,w_5ccee38
1804,w_5ce4848
1805,w_5ce9577
1806,w_5cf0e37
1807,w_5cf4727
1808,w_5d06edd
1809,w_5d1b1a7
1810,w_5d1c9eb
1811,w_5d2dac8
1812,w_5d35047
1813,w_5d36478
1814,w_5d3f521
1815,w_5d426b6
1816,w_5d438a9
1817,w_5d4c7fc
1818,w_5d5c6a6
1819,w_5d67caa
1820,w_5d687a9
1821,w_5d6ba39
1822,w_5d81be1
1823,w_5d8ee24
1824,w_5d90c48
1825,w_5d9f814
1826,w_5db0eb7
1827,w_5dc4f38
1828,w_5df7574
1829,w_5e2589b
1830,w_5e285ed
1831,w_5e47cfb
1832,w_5e5fec6
1833,w_5e63553
1834,w_5e8e218
1835,w_5e939ca
1836,w_5e94510
1837,w_5ea7acf
1838,w_5ed2a38
1839,w_5f0af76
1840,w_5f0fcab
1841,w_5f20f03
1842,w_5f31117
1843,w_5f39ad8
1844,w_5f54045
1845,w_5f5f9ae
1846,w_5f6f211
1847,w_5fa42d3
1848,w_5fb70a0
1849,w_5fbbce9
1850,w_5fcd8d4
1851,w_5fcf350
1852,w_5fd90e2
1853,w_5fe949c
1854,w_5fedd5f
1855,w_5ff2049
1856,w_5ff73b9
1857,w_600bf1b
1858,w_60122fa
1859,w_6041acb
1860,w_6071978
1861,w_60795e6
1862,w_6091feb
1863,w_609529a
1864,w_60a2820
1865,w_60a54be
1866,w_60aa749
1867,w_60b027a
1868,w_60c073b
1869,w_60ce6fc
1870,w_60cf87c
1871,w_60f11fb
1872,w_60f4a66
1873,w_611d18b
1874,w_611e69e
1875,w_614b549
1876,w_615a631
1877,w_6172f4a
1878,w_6187461
1879,w_6189444
1880,w_61b9586
1881,w_61cbbc3
1882,w_61d48c9
1883,w_61d6612
1884,w_61e136d
1885,w_61e4248
1886,w_61e4690
1887,w_61ed07a
1888,w_61f25ae
1889,w_620dffe
1890,w_621575d
1891,w_625e590
1892,w_627187b
1893,w_6279534
1894,w_628a326
1895,w_628d615
1896,w_62b631e
1897,w_62bb54b
1898,w_62bedea
1899,w_62c76f3
1900,w_62c78f3
1901,w_62db660
1902,w_62e16d6
1903,w_62e5aa0
1904,w_62ec5a8
1905,w_62ecd30
1906,w_62f10a4
1907,w_62fc862
1908,w_62ff333
1909,w_6301785
1910,w_6310ac7
1911,w_631564e
1912,w_6332313
1913,w_63386cd
1914,w_6339d14
1915,w_633ead1
1916,w_636aa5b
1917,w_636b9a8
1918,w_637c73b
1919,w_639867f
1920,w_63b91aa
1921,w_63d6920
1922,w_63ea6fd
1923,w_63f5740
1924,w_63ff0ac
1925,w_64055b4
1926,w_64062df
1927,w_640a24a
1928,w_641df87
1929,w_64404ac
1930,w_6441130
1931,w_6448cab
1932,w_6452aca
1933,w_6465d75
1934,w_647da1f
1935,w_648b85e
1936,w_64b2865
1937,w_64cddcd
1938,w_64f4963
1939,w_650f061
1940,w_650f587
1941,w_651236e
1942,w_6525e6b
1943,w_653099f
1944,w_653dde1
1945,w_6545943
1946,w_6555d06
1947,w_655fe84
1948,w_6568270
1949,w_6579856
1950,w_658f76d
1951,w_659bdb8
1952,w_65a1bfa
1953,w_65c24c3
1954,w_65cc057
1955,w_65dadc8
1956,w_65e0628
1957,w_65f142a
1958,w_65ffd7d
1959,w_6612e89
1960,w_66168f1
1961,w_662530e
1962,w_662c89b
1963,w_6640084
1964,w_6643fe8
1965,w_664a4bb
1966,w_6658081
1967,w_66639d4
1968,w_6684eea
1969,w_668c588
1970,w_66b4513
1971,w_66c5323
1972,w_66dd189
1973,w_66e3287
1974,w_66e8565
1975,w_67153b4
1976,w_671b041
1977,w_673ff5b
1978,w_6755824
1979,w_675d7d7
1980,w_677be14
1981,w_6794f1e
1982,w_67a270c
1983,w_67a56b4
1984,w_67a9841
1985,w_67afc89
1986,w_67b3af9
1987,w_67dee15
1988,w_67e9aa8
1989,w_67f670e
1990,w_67fa286
1991,w_67fa427
1992,w_6822dbc
1993,w_6823268
1994,w_682897f
1995,w_68311ed
1996,w_683af30
1997,w_6840783
1998,w_68465c0
1999,w_685115a
2000,w_685b8e1
2001,w_685d7a7
2002,w_686bbcb
2003,w_686c0b3
2004,w_687c6d3
2005,w_688590b
2006,w_689cfe2
2007,w_689e1cd
2008,w_68a89b5
2009,w_68aa903
2010,w_68ae353
2011,w_68b59dd
2012,w_68bb40f
2013,w_68c4ecf
2014,w_68d1fb0
2015,w_68df91a
2016,w_68eaf36
2017,w_68ed1f9
2018,w_68ef337
2019,w_68f23a1
2020,w_68fc65d
2021,w_6906eed
2022,w_6908715
2023,w_691b684
2024,w_691f2f6
2025,w_6920fb7
2026,w_692574d
2027,w_692734c
2028,w_6943d6f
2029,w_6946a70
2030,w_694a615
2031,w_695c604
2032,w_697c75f
2033,w_698fcbe
2034,w_69a58b2
2035,w_69b046b
2036,w_69b5ace
2037,w_69bb761
2038,w_69c06ad
2039,w_69c8945
2040,w_69cce86
2041,w_69ce621
2042,w_69edff7
2043,w_69efdbe
2044,w_6a0a4c8
2045,w_6a1280c
2046,w_6a8bad9
2047,w_6a95be3
2048,w_6aa9d4e
2049,w_6aab519
2050,w_6ab76e6
2051,w_6aca6f9
2052,w_6ad771b
2053,w_6ae4956
2054,w_6af9b02
2055,w_6afdf63
2056,w_6aff5b1
2057,w_6b00c91
2058,w_6b155e9
2059,w_6b1bd76
2060,w_6b1d160
2061,w_6b25530
2062,w_6b28b1c
2063,w_6b2a111
2064,w_6b2ecc8
2065,w_6b3b848
2066,w_6b41a2c
2067,w_6b47687
2068,w_6b51160
2069,w_6b57529
2070,w_6b90e54
2071,w_6b9af3a
2072,w_6bab2bd
2073,w_6bc4ce1
2074,w_6beaa7d
2075,w_6bee56d
2076,w_6c09f7f
2077,w_6c0cdb1
2078,w_6c2aa5f
2079,w_6c2e008
2080,w_6c33987
2081,w_6c3ec2d
2082,w_6c4a986
2083,w_6c6ff4f
2084,w_6c777a0
2085,w_6c886f0
2086,w_6c995fd
2087,w_6ca0970
2088,w_6ca173f
2089,w_6caa59f
2090,w_6caff0f
2091,w_6cb0480
2092,w_6cb1882
2093,w_6cb1ff1
2094,w_6cb656d
2095,w_6cb7724
2096,w_6cca536
2097,w_6ccf9c6
2098,w_6cda039
2099,w_6cec90c
2100,w_6cf6bf4
2101,w_6cfa650
2102,w_6d1f159
2103,w_6d35e41
2104,w_6d43e1d
2105,w_6d527ff
2106,w_6d59878
2107,w_6d80008
2108,w_6d8519e
2109,w_6d8b67b
2110,w_6d8f72e
2111,w_6d8fad3
2112,w_6d98683
2113,w_6da5a82
2114,w_6db266a
2115,w_6dbfd7a
2116,w_6dc5981
2117,w_6dce358
2118,w_6dedb5c
2119,w_6df2400
2120,w_6df47c6
2121,w_6dfc3f1
2122,w_6e0a45b
2123,w_6e0afa2
2124,w_6e0e2ae
2125,w_6e209a8
2126,w_6e305f5
2127,w_6e3b6a5
2128,w_6e51c06
2129,w_6e55e73
2130,w_6e62ad4
2131,w_6e6307e
2132,w_6e6a6ff
2133,w_6e6e6bc
2134,w_6e76427
2135,w_6e7763b
2136,w_6e77fd0
2137,w_6e7cf1c
2138,w_6e85f95
2139,w_6e8c101
2140,w_6e97ef4
2141,w_6e97efe
2142,w_6e999b0
2143,w_6ea9231
2144,w_6eb10d2
2145,w_6ebed02
2146,w_6ebfe7b
2147,w_6ed6320
2148,w_6ee9735
2149,w_6ee9b69
2150,w_6eec015
2151,w_6eed962
2152,w_6f0cbe3
2153,w_6f1f6b3
2154,w_6f22173
2155,w_6f3a3ec
2156,w_6f61a8a
2157,w_6f62459
2158,w_6f74177
2159,w_6f7611c
2160,w_6f7667a
2161,w_6f927a1
2162,w_6f9f759
2163,w_6fa469c
2164,w_6fb7fe9
2165,w_6fc8edc
2166,w_6fc9857
2167,w_6fce84d
2168,w_6fd2888
2169,w_6fd8b4b
2170,w_6fe3566
2171,w_6fe3dac
2172,w_6fe5b8e
2173,w_6fed7c4
2174,w_6ffc7a1
2175,w_700ebb4
2176,w_700f301
2177,w_702b2c4
2178,w_702f2a0
2179,w_7038727
2180,w_704a8a1
2181,w_7052419
2182,w_7058149
2183,w_705e466
2184,w_7064855
2185,w_7066887
2186,w_7069d70
2187,w_706e4fb
2188,w_707ce0f
2189,w_7085ad6
2190,w_7087c88
2191,w_708c3d2
2192,w_7091e67
2193,w_709907d
2194,w_70a2a2f
2195,w_70d0b3c
2196,w_70db0cc
2197,w_70e9661
2198,w_70fa383
2199,w_70fc054
2200,w_711552b
2201,w_711765a
2202,w_711b815
2203,w_7122684
2204,w_712b916
2205,w_714f89f
2206,w_7150989
2207,w_715b1b5
2208,w_715c34b
2209,w_715ceba
2210,w_71670b3
2211,w_716ac00
2212,w_716f64f
2213,w_717756b
2214,w_717b048
2215,w_719ee7e
2216,w_71a1a08
2217,w_71af602
2218,w_71b9a85
2219,w_71d5ba2
2220,w_71df35a
2221,w_71dfca3
2222,w_71ec6d4
2223,w_71ed685
2224,w_71f5c74
2225,w_71fa596
2226,w_71fbd51
2227,w_72019ec
2228,w_7203b68
2229,w_7206ab2
2230,w_721e78f
2231,w_72288ee
2232,w_722a04a
2233,w_724503e
2234,w_7250aef
2235,w_725bf15
2236,w_726c717
2237,w_7272aa5
2238,w_728c615
2239,w_729290b
2240,w_72aa314
2241,w_72ab123
2242,w_72afa97
2243,w_72c56cc
2244,w_72db52b
2245,w_72e3fa4
2246,w_72f3685
2247,w_72f5c64
2248,w_72fc6e4
2249,w_72fea5e
2250,w_7307591
2251,w_73075b5
2252,w_731fe92
2253,w_73282ec
2254,w_732d22c
2255,w_7330627
2256,w_733a794
2257,w_733e9cc
2258,w_733f661
2259,w_7342df0
2260,w_73435d0
2261,w_7348ed5
2262,w_734f6b5
2263,w_7351540
2264,w_736cca3
2265,w_7388288
2266,w_7395388
2267,w_73b2fe3
2268,w_73b6699
2269,w_73bfe11
2270,w_73c0495
2271,w_73d22c4
2272,w_73d6671
2273,w_73d71d2
2274,w_73e5b74
2275,w_73fe099
2276,w_7404271
2277,w_740c748
2278,w_74192ac
2279,w_742f7f5
2280,w_7432816
2281,w_745ee82
2282,w_7478938
2283,w_748290a
2284,w_7488eec
2285,w_749dffd
2286,w_74ada4e
2287,w_74b6ca2
2288,w_74b748b
2289,w_74c924a
2290,w_74e6a59
2291,w_74ec366
2292,w_74f384b
2293,w_74f9ede
2294,w_750f1c8
2295,w_7521a81
2296,w_752ffa2
2297,w_7537a43
2298,w_753d66c
2299,w_7547b9a
2300,w_754cc34
2301,w_755fc10
2302,w_75648fc
2303,w_7571b52
2304,w_759b919
2305,w_75b6e81
2306,w_75c7a82
2307,w_75cebcf
2308,w_75d0e61
2309,w_75d4e65
2310,w_75df747
2311,w_75ec7c1
2312,w_75f6ffa
2313,w_75fc10c
2314,w_76065ea
2315,w_760c469
2316,w_7648ac1
2317,w_7656c1a
2318,w_76586af
2319,w_7677b27
2320,w_76a45de
2321,w_76a76ca
2322,w_76ad1d2
2323,w_76b8e6f
2324,w_76d1f84
2325,w_76dee7c
2326,w_76e67dc
2327,w_76f4d0b
2328,w_76f95b1
2329,w_76fab39
2330,w_7707132
2331,w_7709151
2332,w_77150d0
2333,w_772845b
2334,w_772c726
2335,w_7737f65
2336,w_773a8fd
2337,w_775504f
2338,w_7769d46
2339,w_776a885
2340,w_776f336
2341,w_7781e53
2342,w_778e474
2343,w_77c86af
2344,w_77d1d8a
2345,w_77f9c5f
2346,w_780c931
2347,w_781654e
2348,w_782c71d
2349,w_7830b52
2350,w_7834cde
2351,w_78351ee
2352,w_7860ed5
2353,w_787af6b
2354,w_789c969
2355,w_789e0e6
2356,w_78ab4d4
2357,w_78bfd01
2358,w_78ca251
2359,w_78cfcbf
2360,w_78de8f7
2361,w_78e229f
2362,w_78e6713
2363,w_78e7020
2364,w_78fbecd
2365,w_790fe92
2366,w_7918564
2367,w_792ffd7
2368,w_7938c79
2369,w_7957b08
2370,w_795a6b8
2371,w_797b34c
2372,w_7983f71
2373,w_79843ce
2374,w_798f466
2375,w_799b208
2376,w_79a2659
2377,w_79b8562
2378,w_79cfcab
2379,w_79e750b
2380,w_79eb216
2381,w_7a083f7
2382,w_7a1c290
2383,w_7a232d3
2384,w_7a320a3
2385,w_7a3f10d
2386,w_7a427f2
2387,w_7a4b2f9
2388,w_7a61cb2
2389,w_7a8ce16
2390,w_7a91862
2391,w_7a97301
2392,w_7aa47a8
2393,w_7ab2120
2394,w_7ac28dd
2395,w_7ad1459
2396,w_7ae20cf
2397,w_7ae9946
2398,w_7aea0b8
2399,w_7af5b09
2400,w_7afb40a
2401,w_7b05eeb
2402,w_7b06e7e
2403,w_7b07041
2404,w_7b098ce
2405,w_7b2e5ce
2406,w_7b41bf7
2407,w_7b4ffdd
2408,w_7b6483e
2409,w_7b703d1
2410,w_7b92cc8
2411,w_7b989fb
2412,w_7ba6d48
2413,w_7bbf268
2414,w_7c1435e
2415,w_7c21ab5
2416,w_7c23d73
2417,w_7c26ef7
2418,w_7c27fbd
2419,w_7c5b20d
2420,w_7c5fa3c
2421,w_7c60e77
2422,w_7c6e8f0
2423,w_7c718f4
2424,w_7c77c5c
2425,w_7c82391
2426,w_7c9f76d
2427,w_7ca2a9b
2428,w_7cb0e92
2429,w_7cc2687
2430,w_7cc7ec6
2431,w_7cd0b86
2432,w_7ce08e6
2433,w_7d02551
2434,w_7d06258
2435,w_7d09141
2436,w_7d28b7b
2437,w_7d296e9
2438,w_7d34a32
2439,w_7d44896
2440,w_7d458aa
2441,w_7d46ac3
2442,w_7d4d7cd
2443,w_7d55653
2444,w_7d5a3b0
2445,w_7d6527e
2446,w_7d724a2
2447,w_7d79c77
2448,w_7d8b00d
2449,w_7d8c36f
2450,w_7d8c37c
2451,w_7d91458
2452,w_7d9d014
2453,w_7dd1222
2454,w_7e016f2
2455,w_7e0659e
2456,w_7e07b6a
2457,w_7e1ce0a
2458,w_7e2eb3d
2459,w_7e38d10
2460,w_7e51d7b
2461,w_7e56d66
2462,w_7e579dd
2463,w_7e5b9da
2464,w_7e61174
2465,w_7e70b7c
2466,w_7e74b4e
2467,w_7e9ae57
2468,w_7e9df91
2469,w_7ea6bf2
2470,w_7ec2c18
2471,w_7ec388a
2472,w_7ec7c3b
2473,w_7ed8dac
2474,w_7edfc70
2475,w_7ef8a85
2476,w_7efe670
2477,w_7f04b8b
2478,w_7f0d18a
2479,w_7f1f285
2480,w_7f4e251
2481,w_7f4e31e
2482,w_7f5d9fd
2483,w_7f5f3b8
2484,w_7f762d8
2485,w_7fcf284
2486,w_7fe4082
2487,w_7ff9682
2488,w_7ffc63c
2489,w_8003858
2490,w_80124ae
2491,w_801e723
2492,w_801eb08
2493,w_803ad0d
2494,w_8041789
2495,w_80729eb
2496,w_8075847
2497,w_807f02e
2498,w_808d40b
2499,w_8092ea7
2500,w_8092f18
2501,w_80a59e6
2502,w_80acb6f
2503,w_80b474e
2504,w_80bb6c7
2505,w_80d945b
2506,w_80dfb8e
2507,w_80f481f
2508,w_80fc994
2509,w_8103832
2510,w_811c3a3
2511,w_8141e4e
2512,w_814a1cc
2513,w_8153aa9
2514,w_8157927
2515,w_815a843
2516,w_81691be
2517,w_817d53c
2518,w_818f08c
2519,w_8193215
2520,w_81aa796
2521,w_81b2e1e
2522,w_81c7c90
2523,w_81d1ff9
2524,w_81d4bd6
2525,w_81d807a
2526,w_81da9a5
2527,w_81eb375
2528,w_81ed5f8
2529,w_81ee2ec
2530,w_81eee24
2531,w_81f8d47
2532,w_820e136
2533,w_8230e8f
2534,w_82479e4
2535,w_82481c1
2536,w_825910b
2537,w_8261f4d
2538,w_8279f22
2539,w_8284c0b
2540,w_82ba482
2541,w_82c744e
2542,w_82d50c5
2543,w_82d886f
2544,w_82de056
2545,w_82e5785
2546,w_82e7319
2547,w_82fac51
2548,w_8301946
2549,w_8305a19
2550,w_830b95a
2551,w_832917d
2552,w_8340caf
2553,w_835a1eb
2554,w_836581c
2555,w_836e895
2556,w_83869d3
2557,w_83a4279
2558,w_83b2336
2559,w_83cc0ec
2560,w_83d10c1
2561,w_83d1ab6
2562,w_83e0076
2563,w_83e8a3e
2564,w_83eaf7e
2565,w_840061a
2566,w_84308d6
2567,w_8431ae8
2568,w_84343d7
2569,w_8436e69
2570,w_8443156
2571,w_844b91e
2572,w_84714f4
2573,w_84a32d1
2574,w_84b1b28
2575,w_84b255f
2576,w_84c23bb
2577,w_84d832d
2578,w_84dadae
2579,w_84dbd14
2580,w_84dc8cd
2581,w_84df97b
2582,w_84f08b7
2583,w_84f9ab0
2584,w_8507818
2585,w_85222f9
2586,w_853aa18
2587,w_854c18e
2588,w_857cb95
2589,w_8585e34
2590,w_85923bb
2591,w_859dbc3
2592,w_85a2285
2593,w_85a8d47
2594,w_85b252c
2595,w_85b3564
2596,w_85baa9d
2597,w_85bb73c
2598,w_85c5adf
2599,w_85d152a
2600,w_85d9229
2601,w_85d9e99
2602,w_861e504
2603,w_8620eca
2604,w_86220e0
2605,w_865cf80
2606,w_86665cc
2607,w_866f40e
2608,w_86726bc
2609,w_867550f
2610,w_867569a
2611,w_8675aac
2612,w_86918b8
2613,w_8694cb5
2614,w_86b8f3f
2615,w_86d0c34
2616,w_86ecf59
2617,w_86f34e8
2618,w_86f3e45
2619,w_86fa148
2620,w_871decc
2621,w_872f131
2622,w_8739af5
2623,w_874b395
2624,w_8778b22
2625,w_877de07
2626,w_878f5ba
2627,w_8799716
2628,w_879dcef
2629,w_87b0e69
2630,w_87d3b93
2631,w_87e5b68
2632,w_87ed7a9
2633,w_88065f2
2634,w_881fca8
2635,w_88445b2
2636,w_88503f1
2637,w_887c387
2638,w_888391a
2639,w_888a1ea
2640,w_888d8e3
2641,w_88aca21
2642,w_88adb3a
2643,w_88b2b19
2644,w_88b3466
2645,w_88b3a3d
2646,w_88b981e
2647,w_88bb921
2648,w_88e4537
2649,w_88e4cbf
2650,w_88eaa39
2651,w_88ff97d
2652,w_8936c44
2653,w_894296c
2654,w_8947728
2655,w_896b139
2656,w_89773ab
2657,w_898f02d
2658,w_89948b1
2659,w_89a0473
2660,w_89ad73e
2661,w_89d9699
2662,w_89db63b
2663,w_89e559b
2664,w_89f0c48
2665,w_89f521e
2666,w_89f6097
2667,w_8a06b46
2668,w_8a10a82
2669,w_8a1786f
2670,w_8a1b71c
2671,w_8a235b6
2672,w_8a35001
2673,w_8a4618d
2674,w_8a56270
2675,w_8a6a8d5
2676,w_8a7071c
2677,w_8a71ca4
2678,w_8a9e295
2679,w_8aae94b
2680,w_8ab401c
2681,w_8ac1fd6
2682,w_8ace2d9
2683,w_8ad2534
2684,w_8ad632d
2685,w_8ad8cf1
2686,w_8ae65ef
2687,w_8af65ed
2688,w_8affab2
2689,w_8b03a7f
2690,w_8b05f21
2691,w_8b1f4be
2692,w_8b23e5f
2693,w_8b3a8b3
2694,w_8b3e525
2695,w_8b5a2e4
2696,w_8b61e65
2697,w_8b647d4
2698,w_8b813a5
2699,w_8b83220
2700,w_8b84ad0
2701,w_8b86b95
2702,w_8b8dca8
2703,w_8b8dcf5
2704,w_8b8ef96
2705,w_8b943ef
2706,w_8bc8a32
2707,w_8bcc197
2708,w_8bcf8fc
2709,w_8be0240
2710,w_8be8406
2711,w_8beb9f1
2712,w_8c0e550
2713,w_8c25681
2714,w_8c28a3c
2715,w_8c56684
2716,w_8c6ad69
2717,w_8c83452
2718,w_8c8c45a
2719,w_8c8f8b6
2720,w_8c959a6
2721,w_8ca7f37
2722,w_8cad422
2723,w_8cafcf5
2724,w_8cb5e04
2725,w_8cbe62a
2726,w_8cce8ce
2727,w_8cd5c91
2728,w_8cee3d3
2729,w_8cfabed
2730,w_8d09425
2731,w_8d0a2a2
2732,w_8d0d921
2733,w_8d1a7ba
2734,w_8d33cf5
2735,w_8d4c9f7
2736,w_8d52508
2737,w_8d71480
2738,w_8d76b75
2739,w_8d80478
2740,w_8d8d839
2741,w_8d99f99
2742,w_8d9af77
2743,w_8d9d59a
2744,w_8da30ad
2745,w_8daccba
2746,w_8dc6c05
2747,w_8dc893c
2748,w_8dcdb19
2749,w_8dd3f4a
2750,w_8dda2f6
2751,w_8dddbee
2752,w_8de77f8
2753,w_8debfa9
2754,w_8dfedae
2755,w_8e04a78
2756,w_8e174c4
2757,w_8e1cf61
2758,w_8e1e84c
2759,w_8e3a722
2760,w_8e47efa
2761,w_8e58103
2762,w_8e5d8ff
2763,w_8e63d5c
2764,w_8e74601
2765,w_8e88f4f
2766,w_8e92662
2767,w_8e9f047
2768,w_8ea0c7d
2769,w_8ea9f68
2770,w_8eae2c3
2771,w_8eb9c42
2772,w_8ed7a45
2773,w_8ed7da3
2774,w_8eec034
2775,w_8ef82e2
2776,w_8ef9b33
2777,w_8f0c6ed
2778,w_8f1069a
2779,w_8f1a60f
2780,w_8f2943e
2781,w_8f38839
2782,w_8f424c5
2783,w_8f4b1c4
2784,w_8f4d879
2785,w_8f65356
2786,w_8fa8bef
2787,w_8fad4d2
2788,w_8fb247e
2789,w_8fd3810
2790,w_8fda8b2
2791,w_900c68f
2792,w_9021014
2793,w_902d8ef
2794,w_902f8b0
2795,w_9032a74
2796,w_90336d0
2797,w_9037ac5
2798,w_903c254
2799,w_905944f
2800,w_9060d27
2801,w_9072933
2802,w_9078d11
2803,w_9094c50
2804,w_90a2cf7
2805,w_90a7b56
2806,w_90abfeb
2807,w_90c9763
2808,w_90df70c
2809,w_90e9447
2810,w_90edcb6
2811,w_90f0cd0
2812,w_90fb95b
2813,w_91005b3
2814,w_91037a7
2815,w_910831a
2816,w_9109577
2817,w_911384a
2818,w_9119b08
2819,w_9142b9c
2820,w_9143ee7
2821,w_914b110
2822,w_9164e9a
2823,w_916c746
2824,w_917cc49
2825,w_919f33b
2826,w_91a2a20
2827,w_91b4760
2828,w_91b678a
2829,w_91b96c1
2830,w_91c94ad
2831,w_91cc02c
2832,w_91cdea4
2833,w_91dd720
2834,w_91ed407
2835,w_91f13fe
2836,w_921cdae
2837,w_9227ca2
2838,w_922e139
2839,w_9236fb3
2840,w_925332d
2841,w_925bdf6
2842,w_927dcdc
2843,w_927f345
2844,w_9287505
2845,w_928ec6c
2846,w_9297b97
2847,w_92a47eb
2848,w_92ac4b2
2849,w_92c4ea5
2850,w_92cb156
2851,w_92cb6d9
2852,w_92eaff4
2853,w_92f4498
2854,w_92f64ee
2855,w_931b78f
2856,w_9340ca3
2857,w_9353e7c
2858,w_935a516
2859,w_9364343
2860,w_936aa13
2861,w_937830e
2862,w_938701c
2863,w_9387099
2864,w_938ee78
2865,w_939423d
2866,w_939a3c7
2867,w_939a97b
2868,w_93d7617
2869,w_93ef4fa
2870,w_93fcf89
2871,w_93fddcb
2872,w_9407749
2873,w_9423ba4
2874,w_9438119
2875,w_944ac4f
2876,w_94595ec
2877,w_9472e22
2878,w_948268e
2879,w_94863b7
2880,w_9490369
2881,w_94a0d4e
2882,w_94a7669
2883,w_94af7fd
2884,w_94c3bf0
2885,w_94da1e2
2886,w_94dcd2b
2887,w_94e110b
2888,w_94e136e
2889,w_94e8c02
2890,w_94ea240
2891,w_94f41dc
2892,w_94f4850
2893,w_950c471
2894,w_9525c07
2895,w_952c233
2896,w_953b7b2
2897,w_9541441
2898,w_9544084
2899,w_954fec8
2900,w_955bfe2
2901,w_9573686
2902,w_9583b7e
2903,w_958b730
2904,w_9593412
2905,w_95a5270
2906,w_95b6fde
2907,w_95b8b64
2908,w_95c7a6f
2909,w_95c932d
2910,w_95f3c8e
2911,w_95f78f6
2912,w_9614e63
2913,w_961b5c4
2914,w_9634512
2915,w_9645aa9
2916,w_9660cec
2917,w_9664ca8
2918,w_966b510
2919,w_966f46a
2920,w_9696e76
2921,w_9697236
2922,w_96985c1
2923,w_96b94d5
2924,w_96c35cc
2925,w_96c5fe0
2926,w_96c6613
2927,w_96dd362
2928,w_96deb8b
2929,w_96f027d
2930,w_96f893b
2931,w_97074d8
2932,w_9712235
2933,w_9713c92
2934,w_9713cc3
2935,w_97146b3
2936,w_9714922
2937,w_971d191
2938,w_971e2c5
2939,w_9728637
2940,w_972e51e
2941,w_972e7db
2942,w_9732911
2943,w_9739508
2944,w_9748a78
2945,w_9749fed
2946,w_974c37d
2947,w_9769f0b
2948,w_9785e30
2949,w_9786485
2950,w_97ba78a
2951,w_97d60b9
2952,w_97d9f33
2953,w_97ec13c
2954,w_97f4b38
2955,w_9800d65
2956,w_981075b
2957,w_98164c0
2958,w_981baf4
2959,w_982f0b3
2960,w_984bb5c
2961,w_9852689
2962,w_985d205
2963,w_986cf31
2964,w_987fb30
2965,w_9884e90
2966,w_9888ce0
2967,w_988d0aa
2968,w_988e8ec
2969,w_989e081
2970,w_98a5e5e
2971,w_98a87a6
2972,w_98b6b97
2973,w_98bac23
2974,w_98cc97d
2975,w_98d094e
2976,w_98d1f63
2977,w_98e83cc
2978,w_98f16af
2979,w_98f2705
2980,w_98fc82f
2981,w_990921b
2982,w_993320b
2983,w_99383ac
2984,w_99545ba
2985,w_9957aed
2986,w_995bdbb
2987,w_996dca0
2988,w_997cda5
2989,w_99a26a3
2990,w_99af1a9
2991,w_99b7ba2
2992,w_99c484f
2993,w_99c4cce
2994,w_99ce0ec
2995,w_99d1f45
2996,w_99d3313
2997,w_99d33cf
2998,w_99d53a9
2999,w_99e43ae
3000,w_99e4fe2
3001,w_99f5a1a
3002,w_99f608a
3003,w_9a17ae9
3004,w_9a1a810
3005,w_9a1f31b
3006,w_9a2b01d
3007,w_9a5bb2d
3008,w_9a77724
3009,w_9a8c7dd
3010,w_9a91c1e
3011,w_9a9a2c8
3012,w_9aa9809
3013,w_9aacaa0
3014,w_9ac40d5
3015,w_9ad05a6
3016,w_9ad3551
3017,w_9ad3618
3018,w_9adf29b
3019,w_9af432a
3020,w_9af8493
3021,w_9af8eba
3022,w_9b16b48
3023,w_9b171a8
3024,w_9b1d3d5
3025,w_9b1ee8e
3026,w_9b25161
3027,w_9b3076d
3028,w_9b46d56
3029,w_9b5109b
3030,w_9b565fa
3031,w_9b5d7b1
3032,w_9b69214
3033,w_9b6d9b7
3034,w_9b89c88
3035,w_9b9602c
3036,w_9b99992
3037,w_9ba4a9a
3038,w_9ba6731
3039,w_9bd2794
3040,w_9bde64d
3041,w_9be2d22
3042,w_9be308e
3043,w_9be7408
3044,w_9be951c
3045,w_9bebed8
3046,w_9bedea6
3047,w_9c08fc2
3048,w_9c2f8e2
3049,w_9c506f6
3050,w_9c68fe8
3051,w_9c86f48
3052,w_9c89384
3053,w_9ca67be
3054,w_9ca9776
3055,w_9cc2050
3056,w_9cc2c36
3057,w_9ce3725
3058,w_9cea9cf
3059,w_9cf0388
3060,w_9cff87c
3061,w_9d22d21
3062,w_9d29561
3063,w_9d49420
3064,w_9d56f22
3065,w_9d59121
3066,w_9d5968b
3067,w_9d59be4
3068,w_9d698cf
3069,w_9d6c63d
3070,w_9d840d6
3071,w_9d86594
3072,w_9d95dee
3073,w_9da1811
3074,w_9db1fb1
3075,w_9dbdb42
3076,w_9ddb645
3077,w_9de2647
3078,w_9e020d1
3079,w_9e18daa
3080,w_9e33316
3081,w_9e3859e
3082,w_9e52d87
3083,w_9e5854c
3084,w_9e58786
3085,w_9e591f3
3086,w_9e5c031
3087,w_9e6d17e
3088,w_9e73e1b
3089,w_9e98f50
3090,w_9eab46a
3091,w_9eaef8f
3092,w_9eb2d2a
3093,w_9eb6492
3094,w_9eb9853
3095,w_9eccb4c
3096,w_9ece6cb
3097,w_9ed5f69
3098,w_9ef6147
3099,w_9f02ca1
3100,w_9f13096
3101,w_9f2cfff
3102,w_9f2fb13
3103,w_9f30885
3104,w_9f98ee1
3105,w_9f9f220
3106,w_9fac3c2
3107,w_9fb95f6
3108,w_9fc06d4
3109,w_9fd6fe7
3110,w_9fe60cd
3111,w_9fecf9d
3112,w_9ff0b7b
3113,w_9ffc9aa
3114,w_a009604
3115,w_a023497
3116,w_a0265bd
3117,w_a046389
3118,w_a05181b
3119,w_a0534e5
3120,w_a053e56
3121,w_a053ed9
3122,w_a059841
3123,w_a074110
3124,w_a08f3cd
3125,w_a0c732f
3126,w_a0f456b
3127,w_a0fcfc1
3128,w_a10515b
3129,w_a10e633
3130,w_a112639
3131,w_a113b33
3132,w_a11932d
3133,w_a123aa1
3134,w_a13c09d
3135,w_a13f1d0
3136,w_a16169d
3137,w_a165159
3138,w_a1756d9
3139,w_a17b628
3140,w_a190a88
3141,w_a1a0090
3142,w_a1a4bb2
3143,w_a1b7b83
3144,w_a1d016d
3145,w_a1e3bc9
3146,w_a2158b8
3147,w_a24d7b7
3148,w_a26cf66
3149,w_a27f93b
3150,w_a283c8c
3151,w_a2a40d2
3152,w_a2aaf01
3153,w_a2b9ae8
3154,w_a2f8488
3155,w_a3181a0
3156,w_a31ead9
3157,w_a32898d
3158,w_a32ff7f
3159,w_a331c8b
3160,w_a335fc2
3161,w_a33b6d6
3162,w_a33d1c0
3163,w_a33ed90
3164,w_a34d26b
3165,w_a354653
3166,w_a371235
3167,w_a375d95
3168,w_a37815c
3169,w_a386d0b
3170,w_a39b2e2
3171,w_a3b1a48
3172,w_a3bb16b
3173,w_a3cbe89
3174,w_a3ce1d5
3175,w_a3d2008
3176,w_a3d86da
3177,w_a3dc2bd
3178,w_a3e2d0f
3179,w_a3eaca5
3180,w_a404c77
3181,w_a40f40a
3182,w_a41147a
3183,w_a4140a6
3184,w_a415092
3185,w_a4162d6
3186,w_a421b77
3187,w_a42c505
3188,w_a44a9b2
3189,w_a473267
3190,w_a47dc2d
3191,w_a4826eb
3192,w_a486bde
3193,w_a48fa24
3194,w_a491df7
3195,w_a49508b
3196,w_a4a0867
3197,w_a4ac5dd
3198,w_a4b73a0
3199,w_a4d7e8f
3200,w_a4d8d43
3201,w_a4fb1d8
3202,w_a548534
3203,w_a54ea89
3204,w_a586dce
3205,w_a589923
3206,w_a58d6d5
3207,w_a5a002f
3208,w_a5a0a57
3209,w_a5b6ea7
3210,w_a5c74f4
3211,w_a5e109b
3212,w_a5e6557
3213,w_a5f74b2
3214,w_a6067a9
3215,w_a60f405
3216,w_a6125c4
3217,w_a616378
3218,w_a61a47c
3219,w_a63cd8d
3220,w_a65abbf
3221,w_a6703dd
3222,w_a67b4e6
3223,w_a684b05
3224,w_a687883
3225,w_a689d7a
3226,w_a68bac6
3227,w_a68cf64
3228,w_a69ac05
3229,w_a69f0ee
3230,w_a6a1bea
3231,w_a6a732d
3232,w_a6d6964
3233,w_a6de601
3234,w_a6df3a5
3235,w_a6eaf8d
3236,w_a6ef5a6
3237,w_a6f9d33
3238,w_a7067d1
3239,w_a70b90b
3240,w_a7196c0
3241,w_a71d6bf
3242,w_a743e09
3243,w_a763725
3244,w_a76f0b7
3245,w_a770c8f
3246,w_a7757d4
3247,w_a7806ad
3248,w_a780b2d
3249,w_a79a828
3250,w_a79e00d
3251,w_a79e4fc
3252,w_a7d01cb
3253,w_a7e3d55
3254,w_a7ef9a5
3255,w_a8276b4
3256,w_a84be0c
3257,w_a86c082
3258,w_a87ec7e
3259,w_a88c767
3260,w_a88f2c1
3261,w_a893faf
3262,w_a8a52de
3263,w_a8a6e1f
3264,w_a8b0ec1
3265,w_a8b34a0
3266,w_a8b65e2
3267,w_a8c2847
3268,w_a8d79b6
3269,w_a8d89df
3270,w_a8ebc69
3271,w_a8f7906
3272,w_a8fa5f2
3273,w_a8fcebc
3274,w_a90164b
3275,w_a915a6f
3276,w_a923a6c
3277,w_a92e68e
3278,w_a9304b9
3279,w_a933a19
3280,w_a939b64
3281,w_a94396f
3282,w_a94ea72
3283,w_a95c680
3284,w_a96ebe6
3285,w_a981164
3286,w_a9822dd
3287,w_a9a3878
3288,w_a9a4878
3289,w_aa02b8b
3290,w_aa0bd3b
3291,w_aa0dacc
3292,w_aa2d6fc
3293,w_aa32f70
3294,w_aa3489d
3295,w_aa45520
3296,w_aa47677
3297,w_aa585b1
3298,w_aa5d5e3
3299,w_aa756f0
3300,w_aa9f4b2
3301,w_aabdf8c
3302,w_aae50c8
3303,w_aae547d
3304,w_aaf3463
3305,w_aaf5ab5
3306,w_ab02160
3307,w_ab10c70
3308,w_ab2ac77
3309,w_ab2f0eb
3310,w_ab41d9b
3311,w_ab44ae4
3312,w_ab44c81
3313,w_ab629bb
3314,w_ab643d1
3315,w_ab6f34e
3316,w_ab7c369
3317,w_ab8af2b
3318,w_abb3ee6
3319,w_abba153
3320,w_abc5af2
3321,w_abc82c3
3322,w_abd456f
3323,w_abd9d0b
3324,w_abeab1e
3325,w_abee142
3326,w_abf0b13
3327,w_abf193d
3328,w_abfccb7
3329,w_abfdd10
3330,w_ac0f6c4
3331,w_ac2574c
3332,w_ac26398
3333,w_ac2c28e
3334,w_ac2df91
3335,w_ac33bfe
3336,w_ac51301
3337,w_ac5aa34
3338,w_ac608c7
3339,w_ac6aee2
3340,w_ac73445
3341,w_ac80688
3342,w_ac835f9
3343,w_ac867fb
3344,w_ac90846
3345,w_ac910d6
3346,w_ac97190
3347,w_acba807
3348,w_acbedef
3349,w_accb0cb
3350,w_acd217a
3351,w_ace2814
3352,w_acf8fd1
3353,w_acfc8c1
3354,w_ad01432
3355,w_ad072b0
3356,w_ad2bb89
3357,w_ad343a6
3358,w_ad3a043
3359,w_ad672ce
3360,w_ad6a6ca
3361,w_ad6df15
3362,w_ad7b758
3363,w_ad880b8
3364,w_ad88c85
3365,w_ad91d77
3366,w_adb1dff
3367,w_adcaf2a
3368,w_addd610
3369,w_adedd1f
3370,w_ae09e99
3371,w_ae1634e
3372,w_ae19ff0
3373,w_ae24bd1
3374,w_ae32f8b
3375,w_ae393cd
3376,w_ae536d6
3377,w_ae53e45
3378,w_ae6ac74
3379,w_ae70500
3380,w_ae73598
3381,w_ae7887b
3382,w_ae83866
3383,w_ae83a65
3384,w_ae8982d
3385,w_ae8bd64
3386,w_ae924d9
3387,w_aea4301
3388,w_aeabde9
3389,w_aebdb5f
3390,w_aec2b6d
3391,w_aee06ab
3392,w_aee1ccf
3393,w_aee6701
3394,w_aee9487
3395,w_af1d57b
3396,w_af294f7
3397,w_af367c3
3398,w_af48048
3399,w_af493e1
3400,w_af520bd
3401,w_af5d5e3
3402,w_af7a56f
3403,w_af8df07
3404,w_af9b524
3405,w_afabbbc
3406,w_afb4a42
3407,w_afcf807
3408,w_afdac76
3409,w_afe18e4
3410,w_afe2b56
3411,w_b003eb0
3412,w_b00d1a7
3413,w_b012783
3414,w_b019a50
3415,w_b02ac52
3416,w_b02f567
3417,w_b035775
3418,w_b037216
3419,w_b0446cd
3420,w_b04e97f
3421,w_b07ec5d
3422,w_b096c92
3423,w_b09e884
3424,w_b0cadc0
3425,w_b0d1046
3426,w_b0f07c7
3427,w_b0ffd3b
3428,w_b101c26
3429,w_b10d81a
3430,w_b128587
3431,w_b1330fd
3432,w_b1461a9
3433,w_b164c63
3434,w_b17471a
3435,w_b18df25
3436,w_b19f2f9
3437,w_b1a3345
3438,w_b1abd47
3439,w_b1b2f0f
3440,w_b1be75f
3441,w_b1c5c0b
3442,w_b1c8a8b
3443,w_b1d49c5
3444,w_b1dbfd3
3445,w_b1e0959
3446,w_b1ea71c
3447,w_b1f637e
3448,w_b200738
3449,w_b20b425
3450,w_b210a87
3451,w_b21cfe4
3452,w_b230d25
3453,w_b2341d4
3454,w_b23555d
3455,w_b2606f3
3456,w_b264d2a
3457,w_b26717d
3458,w_b26e855
3459,w_b27b6c6
3460,w_b28898a
3461,w_b2a4769
3462,w_b2af5eb
3463,w_b2bc0c9
3464,w_b2bc537
3465,w_b2e75dc
3466,w_b2ef717
3467,w_b30acf8
3468,w_b311fb6
3469,w_b3196aa
3470,w_b3197c6
3471,w_b330c85
3472,w_b34830b
3473,w_b35b19d
3474,w_b384a00
3475,w_b385045
3476,w_b389fe8
3477,w_b38d36d
3478,w_b38f64b
3479,w_b397217
3480,w_b39aff5
3481,w_b39cbc8
3482,w_b3afb40
3483,w_b3b887d
3484,w_b3c3fa5
3485,w_b3ca4b7
3486,w_b3cc7b3
3487,w_b3cde16
3488,w_b3cf11e
3489,w_b3cfa1d
3490,w_b3df6bf
3491,w_b3e089d
3492,w_b3e445e
3493,w_b403feb
3494,w_b420d45
3495,w_b421a6a
3496,w_b421d21
3497,w_b423e9b
3498,w_b433be9
3499,w_b4396ae
3500,w_b43d0fa
3501,w_b441850
3502,w_b44e89d
3503,w_b45ce21
3504,w_b472b26
3505,w_b475feb
3506,w_b4841bd
3507,w_b48ce14
3508,w_b48de8c
3509,w_b495218
3510,w_b4a7cd2
3511,w_b4ab5b5
3512,w_b4ac550
3513,w_b4b2b67
3514,w_b4c805b
3515,w_b4cf4b1
3516,w_b4d0c14
3517,w_b4db669
3518,w_b4e9da5
3519,w_b4fe6b0
3520,w_b51a226
3521,w_b51e6f6
3522,w_b524f96
3523,w_b535cbd
3524,w_b53bfb7
3525,w_b54f70f
3526,w_b55fb6e
3527,w_b5657c7
3528,w_b569e70
3529,w_b570fe1
3530,w_b57a7be
3531,w_b5c3634
3532,w_b5c90a5
3533,w_b5cf062
3534,w_b5d45d4
3535,w_b5d72cb
3536,w_b5e13cd
3537,w_b5e6c80
3538,w_b5e6c9c
3539,w_b5f7e89
3540,w_b60e861
3541,w_b60ef24
3542,w_b60f441
3543,w_b639aa6
3544,w_b66e1a5
3545,w_b67fcb9
3546,w_b6863f6
3547,w_b6ad668
3548,w_b6ddd17
3549,w_b6de8e1
3550,w_b6e4761
3551,w_b708e98
3552,w_b70c09f
3553,w_b71ac68
3554,w_b72cdc1
3555,w_b72dc3d
3556,w_b7411e8
3557,w_b747aeb
3558,w_b74c24a
3559,w_b77efda
3560,w_b785729
3561,w_b78835b
3562,w_b79abd4
3563,w_b7aa4d8
3564,w_b7ad0fb
3565,w_b7b0ad7
3566,w_b7b1472
3567,w_b7babc0
3568,w_b7c9e1e
3569,w_b7cf3f5
3570,w_b7d68af
3571,w_b7dbec2
3572,w_b7e3a9f
3573,w_b7ec7f8
3574,w_b805777
3575,w_b82bea9
3576,w_b82d0eb
3577,w_b8368f2
3578,w_b845c2b
3579,w_b860053
3580,w_b86917d
3581,w_b870e44
3582,w_b874a6f
3583,w_b877008
3584,w_b89b6bf
3585,w_b8a02a2
3586,w_b8a7ee7
3587,w_b8b8383
3588,w_b8c537a
3589,w_b8e1687
3590,w_b8ee123
3591,w_b8f1666
3592,w_b9131da
3593,w_b919aad
3594,w_b919d77
3595,w_b91bcd4
3596,w_b9264dd
3597,w_b93105d
3598,w_b9373bc
3599,w_b938e96
3600,w_b950c88
3601,w_b953028
3602,w_b95749b
3603,w_b959a0d
3604,w_b96391f
3605,w_b992a50
3606,w_b99f945
3607,w_b9bae7f
3608,w_b9c99cc
3609,w_b9cfccb
3610,w_b9d5945
3611,w_b9d732d
3612,w_b9e5911
3613,w_b9edd7b
3614,w_b9ee9d1
3615,w_ba01717
3616,w_ba0751c
3617,w_ba2bbbb
3618,w_ba3c7af
3619,w_ba4f96c
3620,w_ba62b79
3621,w_ba668da
3622,w_ba77e9c
3623,w_ba8f93b
3624,w_ba9804a
3625,w_bab0057
3626,w_bab14fa
3627,w_bacd6f4
3628,w_bace126
3629,w_bad166a
3630,w_bafa095
3631,w_bafb1e8
3632,w_bb086fc
3633,w_bb08804
3634,w_bb2c919
3635,w_bb2cbcf
3636,w_bb443aa
3637,w_bb4f52e
3638,w_bb56867
3639,w_bb6217a
3640,w_bb7d9d5
3641,w_bb9306c
3642,w_bb9497e
3643,w_bbdfec9
3644,w_bbe79c3
3645,w_bbe90c0
3646,w_bbf0c38
3647,w_bbfce38
3648,w_bc022c6
3649,w_bc101a3
3650,w_bc1519b
3651,w_bc2369c
3652,w_bc285a6
3653,w_bc28a13
3654,w_bc4da71
3655,w_bc511b5
3656,w_bc57d81
3657,w_bc5dbf9
3658,w_bc6171b
3659,w_bc62c27
3660,w_bc65e7f
3661,w_bc677de
3662,w_bc733ec
3663,w_bc7de9f
3664,w_bc9188e
3665,w_bca4304
3666,w_bcb2fe3
3667,w_bcba9e8
3668,w_bcf69e9
3669,w_bd06bf9
3670,w_bd18f3c
3671,w_bd1c3d5
3672,w_bd25728
3673,w_bd26110
3674,w_bd488f9
3675,w_bd4c2f4
3676,w_bd4e5dd
3677,w_bd572cf
3678,w_bd73f1d
3679,w_bd80cf2
3680,w_bd9f354
3681,w_bda67e7
3682,w_bdb0a25
3683,w_bdb3a05
3684,w_bdd8ce5
3685,w_bdded04
3686,w_bde0cd0
3687,w_bde88d5
3688,w_bdea26c
3689,w_bdf0447
3690,w_bdf9612
3691,w_bdfd856
3692,w_be06898
3693,w_be1a38b
3694,w_be1dbc1
3695,w_be1f602
3696,w_be235cb
3697,w_be28cde
3698,w_be2ce29
3699,w_be36790
3700,w_be3f623
3701,w_be4f189
3702,w_be5615a
3703,w_be5ee58
3704,w_be65810
3705,w_be6e58a
3706,w_be776c7
3707,w_be78b58
3708,w_beb062d
3709,w_bec9c95
3710,w_bece5a4
3711,w_bee8a00
3712,w_bef0a5d
3713,w_bef2a3f
3714,w_bef54e9
3715,w_bf2b915
3716,w_bf2ee79
3717,w_bf33ddf
3718,w_bf39602
3719,w_bf41c21
3720,w_bf46204
3721,w_bf5403e
3722,w_bf7c89a
3723,w_bf844e6
3724,w_bf960fa
3725,w_bfae26b
3726,w_bfb6262
3727,w_bfbf205
3728,w_bfcad53
3729,w_bfd6858
3730,w_bfe6992
3731,w_bfe77d0
3732,w_bfecb74
3733,w_bfed9c6
3734,w_bff3c3b
3735,w_c014421
3736,w_c01b2e9
3737,w_c01c1f4
3738,w_c028816
3739,w_c057db0
3740,w_c058057
3741,w_c063530
3742,w_c06798f
3743,w_c073f96
3744,w_c097a16
3745,w_c0a6881
3746,w_c0b01ea
3747,w_c0bf8f8
3748,w_c0c4587
3749,w_c0c5cae
3750,w_c0d11da
3751,w_c0d8dcd
3752,w_c0e2505
3753,w_c0e27e9
3754,w_c0f1e04
3755,w_c10fcb2
3756,w_c11f9d8
3757,w_c144f80
3758,w_c148ab4
3759,w_c156d0a
3760,w_c158581
3761,w_c16cb2c
3762,w_c170c5d
3763,w_c1715f5
3764,w_c172767
3765,w_c178056
3766,w_c178f34
3767,w_c17a2d4
3768,w_c183657
3769,w_c18dafe
3770,w_c190aa8
3771,w_c190c60
3772,w_c1acf72
3773,w_c1b34d2
3774,w_c1b90d1
3775,w_c1bab16
3776,w_c1c5512
3777,w_c1d2d7f
3778,w_c1d2fbe
3779,w_c1e1867
3780,w_c1efffb
3781,w_c200e52
3782,w_c20b4e0
3783,w_c2372df
3784,w_c2397a4
3785,w_c2426a1
3786,w_c2524c4
3787,w_c25d2d1
3788,w_c25deb9
3789,w_c262606
3790,w_c2677ee
3791,w_c2749eb
3792,w_c27588a
3793,w_c27e664
3794,w_c27ee06
3795,w_c2873ef
3796,w_c2a1bc4
3797,w_c2c1e28
3798,w_c2c20eb
3799,w_c2de607
3800,w_c31e72f
3801,w_c371f0d
3802,w_c379d78
3803,w_c380132
3804,w_c38eb22
3805,w_c3bed1a
3806,w_c3c0d22
3807,w_c3ccec5
3808,w_c3d896a
3809,w_c3e88ae
3810,w_c40419a
3811,w_c405fe4
3812,w_c4232a3
3813,w_c465f0b
3814,w_c481650
3815,w_c4862bb
3816,w_c49a22d
3817,w_c49e344
3818,w_c4b02b0
3819,w_c4bb2c6
3820,w_c4c380f
3821,w_c4e658b
3822,w_c4ebf9e
3823,w_c4f01e2
3824,w_c4faf7d
3825,w_c509e1e
3826,w_c5260b8
3827,w_c536a4a
3828,w_c543f7c
3829,w_c554b6f
3830,w_c55519c
3831,w_c55c51d
3832,w_c562266
3833,w_c562eba
3834,w_c563492
3835,w_c566a3d
3836,w_c56fefc
3837,w_c5935ae
3838,w_c59d4b1
3839,w_c59d924
3840,w_c5a7b38
3841,w_c5afe0e
3842,w_c5b80f9
3843,w_c5b8268
3844,w_c5bb7bb
3845,w_c5c01af
3846,w_c5dbf98
3847,w_c5e1472
3848,w_c5e8495
3849,w_c5ec693
3850,w_c5ed5fe
3851,w_c5ee28a
3852,w_c616473
3853,w_c61a67b
3854,w_c62ac72
3855,w_c62ca3a
3856,w_c63c580
3857,w_c63fd83
3858,w_c640984
3859,w_c650bde
3860,w_c650f39
3861,w_c67271f
3862,w_c684a38
3863,w_c68b887
3864,w_c69c9be
3865,w_c6a96e1
3866,w_c6b05f1
3867,w_c6b4d61
3868,w_c6c60c8
3869,w_c6c89db
3870,w_c6d4cb6
3871,w_c6d75ff
3872,w_c6d918a
3873,w_c6fe966
3874,w_c70fbcd
3875,w_c713416
3876,w_c720f04
3877,w_c734fa4
3878,w_c73e8e9
3879,w_c751a77
3880,w_c76f8f4
3881,w_c7951e0
3882,w_c797292
3883,w_c7a611a
3884,w_c7a8a7f
3885,w_c7bd8e7
3886,w_c7cda47
3887,w_c7d8935
3888,w_c7e1b12
3889,w_c7e2a65
3890,w_c80541e
3891,w_c815410
3892,w_c82b49f
3893,w_c82dafb
3894,w_c84b36b
3895,w_c85ff1e
3896,w_c865cfd
3897,w_c875e45
3898,w_c87817e
3899,w_c88caf7
3900,w_c8901c6
3901,w_c896384
3902,w_c89981f
3903,w_c8bbb43
3904,w_c8d05b6
3905,w_c8d5ad5
3906,w_c8e2df4
3907,w_c8f9c4b
3908,w_c928809
3909,w_c92d4a9
3910,w_c94f151
3911,w_c959cae
3912,w_c9628f2
3913,w_c9634dc
3914,w_c97ad94
3915,w_c98aaad
3916,w_c98f1ad
3917,w_c99807e
3918,w_c9a569d
3919,w_c9b4607
3920,w_c9cf75d
3921,w_c9d479f
3922,w_c9ea055
3923,w_c9fbac4
3924,w_c9fc1f5
3925,w_ca11f46
3926,w_ca1d5a8
3927,w_ca66b79
3928,w_ca7089b
3929,w_ca93339
3930,w_cac17d9
3931,w_cac9bdb
3932,w_cad4b47
3933,w_cafaa6f
3934,w_cafe0d0
3935,w_cb0aaf0
3936,w_cb0e8c2
3937,w_cb10f79
3938,w_cb4182e
3939,w_cb476e2
3940,w_cb4d3ed
3941,w_cb50f6e
3942,w_cb593df
3943,w_cb622a2
3944,w_cb856e6
3945,w_cb88c1b
3946,w_cb9f118
3947,w_cbaa911
3948,w_cbb15d2
3949,w_cbcb5ed
3950,w_cbd2194
3951,w_cbd5013
3952,w_cbda0d3
3953,w_cbdae16
3954,w_cbeade6
3955,w_cbf576c
3956,w_cc00be9
3957,w_cc07b1d
3958,w_cc09685
3959,w_cc1784d
3960,w_cc57ddc
3961,w_cc79b6c
3962,w_cc849d4
3963,w_cc85af7
3964,w_cc86d58
3965,w_cc93694
3966,w_cc9dfb5
3967,w_ccc26ea
3968,w_ccf1342
3969,w_ccf3551
3970,w_cd1905a
3971,w_cd28f56
3972,w_cd2d796
3973,w_cd4cb49
3974,w_cd645e4
3975,w_cd6743e
3976,w_cd99382
3977,w_cd9dec7
3978,w_cda3971
3979,w_cda8eb8
3980,w_cdb8e7f
3981,w_cdc4a40
3982,w_cdc55a8
3983,w_cdd2642
3984,w_cde1082
3985,w_cdeac94
3986,w_cded134
3987,w_cdf834e
3988,w_ce16eea
3989,w_ce1aed8
3990,w_ce1bf27
3991,w_ce352a8
3992,w_ce44322
3993,w_ce4d993
3994,w_ce59977
3995,w_ce5c5eb
3996,w_ce66f9a
3997,w_ce67c4c
3998,w_ce72e73
3999,w_ce8906f
4000,w_ce8aa12
4001,w_ceda389
4002,w_cee684e
4003,w_cef693e
4004,w_cef8ce0
4005,w_cefd512
4006,w_cf1551f
4007,w_cf18ab7
4008,w_cf1e889
4009,w_cf25b84
4010,w_cf31c86
4011,w_cf35076
4012,w_cf4178c
4013,w_cf5335b
4014,w_cf5d69c
4015,w_cf5e3ee
4016,w_cf88f4b
4017,w_cf8cd88
4018,w_cf8ce56
4019,w_cf9055c
4020,w_cf9207f
4021,w_cfa9fb2
4022,w_cfae8d8
4023,w_cfba5e0
4024,w_cfcace7
4025,w_cfce505
4026,w_cfdd1c0
4027,w_cfe7928
4028,w_cfeb24b
4029,w_cff6c83
4030,w_cff7fde
4031,w_cffd90e
4032,w_d006897
4033,w_d007a72
4034,w_d01f587
4035,w_d02f064
4036,w_d0475b2
4037,w_d04bca1
4038,w_d0528f6
4039,w_d055e5f
4040,w_d05827c
4041,w_d0589c5
4042,w_d05fc81
4043,w_d063697
4044,w_d066c0a
4045,w_d066f46
4046,w_d06e2d0
4047,w_d0728b9
4048,w_d09a047
4049,w_d0a7600
4050,w_d0b330d
4051,w_d0bf381
4052,w_d0bfef3
4053,w_d0ce152
4054,w_d0e6e7d
4055,w_d0fd41c
4056,w_d108da5
4057,w_d10cf66
4058,w_d10d0c5
4059,w_d11ce9a
4060,w_d1207d9
4061,w_d12e2eb
4062,w_d12f2a0
4063,w_d13848b
4064,w_d140497
4065,w_d14059c
4066,w_d1518b9
4067,w_d15d8c5
4068,w_d15dd0b
4069,w_d1696f9
4070,w_d16eb60
4071,w_d17b0c5
4072,w_d17d229
4073,w_d18083c
4074,w_d1836e5
4075,w_d1b3a00
4076,w_d1c9d7e
4077,w_d1e0f06
4078,w_d1f35d6
4079,w_d1f7ea7
4080,w_d210085
4081,w_d215a68
4082,w_d217ab7
4083,w_d223b2e
4084,w_d22e12a
4085,w_d236b51
4086,w_d23bd09
4087,w_d240f68
4088,w_d24ae04
4089,w_d24c654
4090,w_d284505
4091,w_d285a7a
4092,w_d287825
4093,w_d2a35ca
4094,w_d2b440e
4095,w_d2b7856
4096,w_d2c2be0
4097,w_d2d7c5d
4098,w_d2e4f28
4099,w_d2facb4
4100,w_d307d9d
4101,w_d31f7e6
4102,w_d3311fa
4103,w_d3332dc
4104,w_d33bc7f
4105,w_d351889
4106,w_d357277
4107,w_d3582f2
4108,w_d3734df
4109,w_d395243
4110,w_d3b1733
4111,w_d3b46e7
4112,w_d3b48ef
4113,w_d3b6c6b
4114,w_d3baa35
4115,w_d3cb902
4116,w_d3d9c3c
4117,w_d3e323d
4118,w_d3e3b56
4119,w_d3e4d19
4120,w_d3e5689
4121,w_d3e9662
4122,w_d405854
4123,w_d40e29c
4124,w_d4211d9
4125,w_d44dfdc
4126,w_d4661be
4127,w_d48dfda
4128,w_d494351
4129,w_d4999d4
4130,w_d49d4d7
4131,w_d4b1766
4132,w_d4bc4ff
4133,w_d4c24e6
4134,w_d4c30a9
4135,w_d4d46bf
4136,w_d4e9763
4137,w_d4fc12d
4138,w_d51cb28
4139,w_d52a837
4140,w_d542101
4141,w_d573a68
4142,w_d576dff
4143,w_d5874a4
4144,w_d588ecb
4145,w_d588fb4
4146,w_d593be8
4147,w_d5a4a41
4148,w_d5bbfbc
4149,w_d5c0064
4150,w_d5d084c
4151,w_d5d111d
4152,w_d5e0aba
4153,w_d602efb
4154,w_d603939
4155,w_d609d41
4156,w_d6283ba
4157,w_d63c8d1
4158,w_d64a9fa
4159,w_d64c2ec
4160,w_d6553ba
4161,w_d658a66
4162,w_d6666c9
4163,w_d66d8f4
4164,w_d68c135
4165,w_d68cf7c
4166,w_d6907f5
4167,w_d6a2ad8
4168,w_d6aa3f3
4169,w_d6c1d80
4170,w_d6ca28d
4171,w_d6d2e4f
4172,w_d6d5928
4173,w_d6d89ed
4174,w_d6f0be4
4175,w_d6f61cb
4176,w_d6fde02
4177,w_d71289d
4178,w_d71a790
4179,w_d72771c
4180,w_d73c048
4181,w_d74498b
4182,w_d76f21b
4183,w_d77337e
4184,w_d786f52
4185,w_d7998d1
4186,w_d7aad03
4187,w_d7aef56
4188,w_d7b6f17
4189,w_d7bfad6
4190,w_d7ef410
4191,w_d803cef
4192,w_d829778
4193,w_d83d524
4194,w_d84afa9
4195,w_d853d93
4196,w_d869993
4197,w_d875f4d
4198,w_d87f911
4199,w_d892cd9
4200,w_d89acf0
4201,w_d8a08f8
4202,w_d8a47de
4203,w_d8ae71c
4204,w_d8b4a5d
4205,w_d8b5bb4
4206,w_d8cb231
4207,w_d8d0dd9
4208,w_d8dda8d
4209,w_d8de44c
4210,w_d8fb98d
4211,w_d907b6c
4212,w_d909f72
4213,w_d90a890
4214,w_d91feb2
4215,w_d92b4c4
4216,w_d9405b3
4217,w_d945006
4218,w_d947e85
4219,w_d94fa7a
4220,w_d953953
4221,w_d962e2b
4222,w_d976668
4223,w_d97c490
4224,w_d980663
4225,w_d98ba44
4226,w_d9993ee
4227,w_d9a3c6e
4228,w_d9aecac
4229,w_d9c78ee
4230,w_d9c9d8d
4231,w_d9cdc09
4232,w_d9d1e17
4233,w_d9e7ed3
4234,w_d9f8641
4235,w_da011a1
4236,w_da04408
4237,w_da08395
4238,w_da15b9b
4239,w_da15e00
4240,w_da16ee8
4241,w_da2cf74
4242,w_da2d813
4243,w_da3106e
4244,w_da40b39
4245,w_da443d9
4246,w_da577dd
4247,w_da5b8fe
4248,w_da651f6
4249,w_da8166c
4250,w_dab2353
4251,w_dadaa2e
4252,w_dadc1a5
4253,w_dae7ff7
4254,w_daeba33
4255,w_daf857f
4256,w_db0027e
4257,w_db0c461
4258,w_db0c7fd
4259,w_db1b545
4260,w_db1f3de
4261,w_db2d2ac
4262,w_db2d591
4263,w_db30d65
4264,w_db38863
4265,w_db3cfa4
4266,w_db4284b
4267,w_db484db
4268,w_db491c8
4269,w_db602dc
4270,w_db68456
4271,w_db86325
4272,w_db88b61
4273,w_db96784
4274,w_dba1c08
4275,w_dbf6385
4276,w_dbf651b
4277,w_dbf7f76
4278,w_dc14a8e
4279,w_dc23fbc
4280,w_dc27ce9
4281,w_dc3e9cc
4282,w_dc4c211
4283,w_dc56028
4284,w_dc642b6
4285,w_dc651ad
4286,w_dc662ea
4287,w_dc76f1c
4288,w_dc7d6d7
4289,w_dc94d80
4290,w_dc97eed
4291,w_dc9d8ae
4292,w_dcb4b9a
4293,w_dcbdd01
4294,w_dcc14b3
4295,w_dcc6f42
4296,w_dccbb2e
4297,w_dcd9088
4298,w_dcdcc9d
4299,w_dce66a9
4300,w_dced3f2
4301,w_dcee281
4302,w_dcefb3f
4303,w_dd00c66
4304,w_dd04e32
4305,w_dd08014
4306,w_dd18ea8
4307,w_dd2873f
4308,w_dd4cd65
4309,w_dd54cb2
4310,w_dd677ef
4311,w_dd6dddf
4312,w_dd79a10
4313,w_dd80742
4314,w_dd837b1
4315,w_dd88965
4316,w_dd944b7
4317,w_ddb514d
4318,w_ddb62c2
4319,w_ddc5518
4320,w_ddda4a4
4321,w_ddf876d
4322,w_ddff916
4323,w_de03861
4324,w_de09116
4325,w_de1dc14
4326,w_de3713f
4327,w_de657c1
4328,w_de8def8
4329,w_dea042e
4330,w_dea40e2
4331,w_dea6580
4332,w_deacb11
4333,w_deb9471
4334,w_dec3c84
4335,w_dec7ffd
4336,w_dec9108
4337,w_decafbd
4338,w_decd606
4339,w_ded2682
4340,w_ded330f
4341,w_deda5f7
4342,w_dee1053
4343,w_dee1b17
4344,w_dee8b12
4345,w_deedca6
4346,w_df1cc01
4347,w_df1f698
4348,w_df27de9
4349,w_df32eec
4350,w_df34804
4351,w_df3b4cf
4352,w_df487e8
4353,w_df4b60a
4354,w_df54dcb
4355,w_df5bf3d
4356,w_df6b050
4357,w_df6efd0
4358,w_df71327
4359,w_df81c5d
4360,w_df86a42
4361,w_dfb57cc
4362,w_dfbf100
4363,w_dfc200b
4364,w_dfc9865
4365,w_dfd0ae8
4366,w_dfdfeeb
4367,w_dfe2ab5
4368,w_dfe485f
4369,w_dff32c6
4370,w_e008923
4371,w_e010426
4372,w_e014c37
4373,w_e01be7a
4374,w_e01ca20
4375,w_e022d1b
4376,w_e026c82
4377,w_e038ff1
4378,w_e04d084
4379,w_e05c1a2
4380,w_e05e755
4381,w_e069b6a
4382,w_e06d673
4383,w_e07b79f
4384,w_e08506c
4385,w_e090471
4386,w_e096f02
4387,w_e09baaa
4388,w_e0a42ad
4389,w_e0b6a42
4390,w_e0ca4f5
4391,w_e0cf908
4392,w_e0d3a78
4393,w_e0ed636
4394,w_e0f37d9
4395,w_e0f4a42
4396,w_e0f635c
4397,w_e101093
4398,w_e107383
4399,w_e11afff
4400,w_e129173
4401,w_e12b78d
4402,w_e132302
4403,w_e13f4e8
4404,w_e142c82
4405,w_e145c7a
4406,w_e164857
4407,w_e16924b
4408,w_e1702d4
4409,w_e19a641
4410,w_e19c1d6
4411,w_e1af623
4412,w_e1b8378
4413,w_e1c5b57
4414,w_e1c796a
4415,w_e1c9a18
4416,w_e1f57e7
4417,w_e1ffbe2
4418,w_e20dcb5
4419,w_e20ff88
4420,w_e210cb5
4421,w_e21819b
4422,w_e21b25f
4423,w_e21b629
4424,w_e22b55f
4425,w_e2372d6
4426,w_e244fc3
4427,w_e2530bf
4428,w_e2561dd
4429,w_e25b062
4430,w_e26e0fc
4431,w_e26eb46
4432,w_e27bbf6
4433,w_e29ed08
4434,w_e2a09d4
4435,w_e2b0292
4436,w_e2c24d2
4437,w_e2d8b09
4438,w_e2e33b2
4439,w_e2e7384
4440,w_e2ef16f
4441,w_e2fd1e1
4442,w_e3056e9
4443,w_e31480f
4444,w_e329a65
4445,w_e32ad9c
4446,w_e33e588
4447,w_e34ff4a
4448,w_e3582ac
4449,w_e36b021
4450,w_e36fb17
4451,w_e3956f5
4452,w_e39f7d5
4453,w_e3c4772
4454,w_e3ceadb
4455,w_e3ced4e
4456,w_e3e617e
4457,w_e3fb839
4458,w_e42007e
4459,w_e4502b3
4460,w_e45491e
4461,w_e47e686
4462,w_e486063
4463,w_e493834
4464,w_e49ade7
4465,w_e4a9205
4466,w_e4ae199
4467,w_e4b4611
4468,w_e4d305b
4469,w_e4d326a
4470,w_e4ed810
4471,w_e50e9f9
4472,w_e51c0e9
4473,w_e5203ea
4474,w_e52ff99
4475,w_e533679
4476,w_e53ba4a
4477,w_e53bb95
4478,w_e54d8f6
4479,w_e568bb4
4480,w_e568f47
4481,w_e56d7b2
4482,w_e5978cf
4483,w_e5ab551
4484,w_e5ad760
4485,w_e5af4aa
4486,w_e5b21c0
4487,w_e5c28c9
4488,w_e5d087b
4489,w_e5e6490
4490,w_e6264df
4491,w_e6325d7
4492,w_e63ea91
4493,w_e6450bc
4494,w_e64c432
4495,w_e64cf9a
4496,w_e64d9d1
4497,w_e65051b
4498,w_e65664f
4499,w_e66ac81
4500,w_e66ced8
4501,w_e68c38c
4502,w_e6c320e
4503,w_e6d46e4
4504,w_e6d5621
4505,w_e6d9cdd
4506,w_e6dfc39
4507,w_e6faba8
4508,w_e6ff725
4509,w_e709b7d
4510,w_e70a3d0
4511,w_e71f9c7
4512,w_e726a9c
4513,w_e732406
4514,w_e738be6
4515,w_e739a48
4516,w_e73cce3
4517,w_e73d9a5
4518,w_e740b27
4519,w_e74475b
4520,w_e759cd6
4521,w_e7699fa
4522,w_e76dcfe
4523,w_e78ecbc
4524,w_e798363
4525,w_e79b4d0
4526,w_e79fed4
4527,w_e7de767
4528,w_e7f704a
4529,w_e818b1a
4530,w_e819d10
4531,w_e85af00
4532,w_e8658e7
4533,w_e86689c
4534,w_e885d82
4535,w_e89442d
4536,w_e897a60
4537,w_e8aa833
4538,w_e8ab3c8
4539,w_e8b0946
4540,w_e8b2157
4541,w_e8b5980
4542,w_e8b82f6
4543,w_e8c45dd
4544,w_e8c5ff0
4545,w_e8e08e6
4546,w_e906edd
4547,w_e918d4c
4548,w_e922901
4549,w_e936b45
4550,w_e93b569
4551,w_e94b46a
4552,w_e9605ca
4553,w_e966f36
4554,w_e97509e
4555,w_e9910d5
4556,w_e99e430
4557,w_e99ed06
4558,w_e9a2c15
4559,w_e9b4719
4560,w_e9cf335
4561,w_e9e413e
4562,w_e9ef5e9
4563,w_ea05006
4564,w_ea2d2f9
4565,w_ea40c36
4566,w_ea4a7db
4567,w_ea520df
4568,w_ea67beb
4569,w_ea6a7fe
4570,w_ea6a9f4
4571,w_ea7a364
4572,w_ea7bbc6
4573,w_ea7bc89
4574,w_ea902fb
4575,w_ea91c50
4576,w_eaa4d20
4577,w_eaa5dbb
4578,w_eaaa42f
4579,w_eacf402
4580,w_eacf981
4581,w_ead1f5a
4582,w_ead2fa6
4583,w_eadfd82
4584,w_eae373b
4585,w_eae7e41
4586,w_eae8af4
4587,w_eae91de
4588,w_eae983e
4589,w_eaed433
4590,w_eaf9662
4591,w_eafacda
4592,w_eafeccd
4593,w_eb13108
4594,w_eb31833
4595,w_eb3f1ff
4596,w_eba33fb
4597,w_ebad318
4598,w_ebb99e5
4599,w_ebcf899
4600,w_ebdad2e
4601,w_ebdc496
4602,w_ebddbfb
4603,w_ebe9709
4604,w_ebea167
4605,w_ebfbdda
4606,w_ec0d867
4607,w_ec0e6ed
4608,w_ec16cc4
4609,w_ec1eb03
4610,w_ec32fa6
4611,w_ec4299b
4612,w_ec4b5d4
4613,w_ec4bcf9
4614,w_ec63b66
4615,w_ec64e27
4616,w_ec7242a
4617,w_ec77506
4618,w_ec7e60a
4619,w_ec7f1b3
4620,w_ec8ac93
4621,w_ec98537
4622,w_eca61e6
4623,w_ecad2c9
4624,w_ecb61a0
4625,w_ecbd28f
4626,w_ecc8d6c
4627,w_eccd505
4628,w_ecd2318
4629,w_ecd734e
4630,w_ecd9cc4
4631,w_ecdef5e
4632,w_ece94e8
4633,w_eced610
4634,w_ecf39ca
4635,w_ed009d3
4636,w_ed07656
4637,w_ed0ee85
4638,w_ed1c5c2
4639,w_ed1df50
4640,w_ed29ffe
4641,w_ed2b6f5
4642,w_ed2e7d6
4643,w_ed50c26
4644,w_ed5c855
4645,w_ed620af
4646,w_ed95d33
4647,w_edce644
4648,w_eddd5b4
4649,w_ede6c73
4650,w_edf0164
4651,w_edf43c1
4652,w_ee05147
4653,w_ee2326a
4654,w_ee2a1e0
4655,w_ee318d3
4656,w_ee57fc5
4657,w_ee61a1f
4658,w_ee64de3
4659,w_ee76222
4660,w_ee864e4
4661,w_ee9db93
4662,w_eec42d0
4663,w_eec4e46
4664,w_eee296c
4665,w_eee74c2
4666,w_eeea781
4667,w_ef00141
4668,w_ef29036
4669,w_ef30316
4670,w_ef439a1
4671,w_ef5851f
4672,w_ef62b09
4673,w_ef74616
4674,w_ef7824d
4675,w_ef83760
4676,w_efa100e
4677,w_efa6b4a
4678,w_efa895a
4679,w_efaba3b
4680,w_efbdcbc
4681,w_efc0825
4682,w_efc261b
4683,w_efc5e07
4684,w_efcbb06
4685,w_efd4d25
4686,w_efd6a16
4687,w_efe3a39
4688,w_effacfb
4689,w_effbe89
4690,w_f009245
4691,w_f00c99d
4692,w_f011b98
4693,w_f0184c0
4694,w_f01ade6
4695,w_f035513
4696,w_f056e82
4697,w_f05a1df
4698,w_f06439d
4699,w_f0663e5
4700,w_f06a10d
4701,w_f0708c8
4702,w_f077a03
4703,w_f082806
4704,w_f08d3f7
4705,w_f08fb81
4706,w_f0a5983
4707,w_f0a8b3e
4708,w_f0ba4a2
4709,w_f0cf3f6
4710,w_f0d3b4f
4711,w_f0e9af7
4712,w_f0eddab
4713,w_f0fe284
4714,w_f10aaf0
4715,w_f10d0eb
4716,w_f119baa
4717,w_f11cbbc
4718,w_f121f0c
4719,w_f128a4d
4720,w_f13f7b3
4721,w_f150d99
4722,w_f15f7be
4723,w_f16afc2
4724,w_f176dcf
4725,w_f182e2a
4726,w_f18a3c9
4727,w_f19aeb4
4728,w_f1acf49
4729,w_f1b016e
4730,w_f1b6eea
4731,w_f1cd92c
4732,w_f1d2222
4733,w_f1d2902
4734,w_f1eb6cd
4735,w_f1ec368
4736,w_f1ec429
4737,w_f201548
4738,w_f20333d
4739,w_f2075ef
4740,w_f24a2de
4741,w_f24a55c
4742,w_f2571bd
4743,w_f276da3
4744,w_f28a7a2
4745,w_f2b4c34
4746,w_f2d26f2
4747,w_f2dd08f
4748,w_f2e561e
4749,w_f2f7550
4750,w_f2fd557
4751,w_f314516
4752,w_f3179b3
4753,w_f3252ff
4754,w_f339c6d
4755,w_f347577
4756,w_f347709
4757,w_f351d4b
4758,w_f353d20
4759,w_f353d69
4760,w_f353e6a
4761,w_f35e494
4762,w_f37c434
4763,w_f381082
4764,w_f382f59
4765,w_f3887f1
4766,w_f391bb0
4767,w_f39c242
4768,w_f3a12bc
4769,w_f3addb7
4770,w_f3b2948
4771,w_f3b6937
4772,w_f3cf672
4773,w_f3d2e31
4774,w_f3f23d6
4775,w_f3f887e
4776,w_f408b56
4777,w_f40dfa0
4778,w_f4314f3
4779,w_f437f82
4780,w_f43d7eb
4781,w_f442602
4782,w_f449c3d
4783,w_f459442
4784,w_f4605bf
4785,w_f47f214
4786,w_f48451c
4787,w_f493161
4788,w_f497e3f
4789,w_f4980e2
4790,w_f4a7ad7
4791,w_f4a9357
4792,w_f4af291
4793,w_f4d8d01
4794,w_f4e69f1
4795,w_f4f3715
4796,w_f4fae33
4797,w_f50b00d
4798,w_f527bd3
4799,w_f546938
4800,w_f56d155
4801,w_f57140c
4802,w_f573d1d
4803,w_f57fb81
4804,w_f58da65
4805,w_f59bb62
4806,w_f5a7f03
4807,w_f5aadde
4808,w_f5baf10
4809,w_f5bf6df
4810,w_f5d4627
4811,w_f5e6213
4812,w_f5fcb45
4813,w_f602022
4814,w_f6032e9
4815,w_f61b957
4816,w_f629616
4817,w_f62bcba
4818,w_f636f80
4819,w_f64767d
4820,w_f648d33
4821,w_f64d347
4822,w_f6524e1
4823,w_f652809
4824,w_f65a725
4825,w_f666bb4
4826,w_f66ec54
4827,w_f6a16aa
4828,w_f6a5edf
4829,w_f6b8ccb
4830,w_f6bae1a
4831,w_f6c5343
4832,w_f6e5311
4833,w_f6eed29
4834,w_f70465f
4835,w_f70c302
4836,w_f71100b
4837,w_f7193ed
4838,w_f71de1c
4839,w_f7234f1
4840,w_f73788a
4841,w_f737a6c
4842,w_f74a89e
4843,w_f75dc98
4844,w_f75ed58
4845,w_f765256
4846,w_f7683f6
4847,w_f7702cd
4848,w_f773fbe
4849,w_f77e282
4850,w_f784bac
4851,w_f787e93
4852,w_f78a4b1
4853,w_f793610
4854,w_f793b1f
4855,w_f79ca64
4856,w_f79ebf3
4857,w_f7cb97d
4858,w_f7cd240
4859,w_f7d8d22
4860,w_f7e29b4
4861,w_f7ec202
4862,w_f812227
4863,w_f82777d
4864,w_f829227
4865,w_f8478b9
4866,w_f84e6e1
4867,w_f8511e9
4868,w_f854d6b
4869,w_f864358
4870,w_f86b16b
4871,w_f8746c3
4872,w_f87bc93
4873,w_f892ca8
4874,w_f8b4ea9
4875,w_f8b7f05
4876,w_f8bb266
4877,w_f8c22dc
4878,w_f8dc1cc
4879,w_f9112ac
4880,w_f91389a
4881,w_f91aeec
4882,w_f94039d
4883,w_f94d9bb
4884,w_f94fc92
4885,w_f953704
4886,w_f9707a7
4887,w_f971ecb
4888,w_f992eae
4889,w_f9a9dec
4890,w_f9aab0c
4891,w_f9b13d2
4892,w_f9bffb5
4893,w_f9d1114
4894,w_f9eb808
4895,w_f9fd8f9
4896,w_fa11a3f
4897,w_fa2ec89
4898,w_fa3a41f
4899,w_fa4034b
4900,w_fa478eb
4901,w_fa52b0c
4902,w_fa70157
4903,w_fa7cd91
4904,w_fa84489
4905,w_fa887d3
4906,w_fa8c44c
4907,w_fa955f1
4908,w_faab6df
4909,w_faac069
4910,w_faad2b1
4911,w_faad3f8
4912,w_fad9574
4913,w_fae4be5
4914,w_fae5d67
4915,w_faf5287
4916,w_fb02461
4917,w_fb0c41f
4918,w_fb3959d
4919,w_fb4f74a
4920,w_fb52b93
4921,w_fb6fbcb
4922,w_fb8e059
4923,w_fb9392c
4924,w_fb98d50
4925,w_fbc7895
4926,w_fbcd329
4927,w_fbcfe1a
4928,w_fbcfe74
4929,w_fbdddd6
4930,w_fbe3f59
4931,w_fbebe60
4932,w_fbf7d73
4933,w_fbfe96b
4934,w_fc0cb69
4935,w_fc10c15
4936,w_fc230fd
4937,w_fc2726b
4938,w_fc6a5a2
4939,w_fc6dd24
4940,w_fc6f897
4941,w_fc83ab4
4942,w_fc90f18
4943,w_fc94e17
4944,w_fcc8a87
4945,w_fccac74
4946,w_fccccec
4947,w_fcdda4c
4948,w_fcf1d68
4949,w_fd0d9a2
4950,w_fd14088
4951,w_fd3a3f0
4952,w_fd3e556
4953,w_fd4376a
4954,w_fd51859
4955,w_fd57399
4956,w_fd6a3ad
4957,w_fd6b0da
4958,w_fd718fb
4959,w_fd906cc
4960,w_fd98539
4961,w_fd99c63
4962,w_fd9d727
4963,w_fdc6e6d
4964,w_fdcaaa8
4965,w_fdceb44
4966,w_fdd3687
4967,w_fdd5a35
4968,w_fdd9086
4969,w_fdf618d
4970,w_fdfd867
4971,w_fe03daf
4972,w_fe0c54f
4973,w_fe12bec
4974,w_fe15413
4975,w_fe54484
4976,w_fe59266
4977,w_fe87282
4978,w_fe881f2
4979,w_fe8aee2
4980,w_fe8e55c
4981,w_fe94155
4982,w_fe95c92
4983,w_fe9eac7
4984,w_fea5f70
4985,w_feb4051
4986,w_febd4fe
4987,w_fec331a
4988,w_fec4ddf
4989,w_fec5547
4990,w_fed1938
4991,w_fee1e3e
4992,w_ff1de02
4993,w_ff2157c
4994,w_ff22dd7
4995,w_ff3efba
4996,w_ff5fc91
4997,w_ff6065f
4998,w_ff65f67
4999,w_ff7a4ae
5000,w_ff94900
5001,w_ffa542b
5002,w_ffa6d42
5003,w_ffcf5fe
5004,w_ffe8693
